image_name,sequence_id,width,height,density,median_target_side_px,median_normalized_nearest_neighbor,occluded_fraction
0000001_02999_d_0000005.jpg,0000001,1920,1080,17,70.0,0.03105953240072022,0.7647058823529411
0000001_03499_d_0000006.jpg,0000001,1920,1080,17,86.0,0.0628434453476847,0.5294117647058824
0000001_03999_d_0000007.jpg,0000001,1920,1080,3,120.0,0.10479037809383736,0.6666666666666666
0000001_04527_d_0000008.jpg,0000001,1920,1080,6,49.0,0.06159389583659701,0.5
0000001_05249_d_0000009.jpg,0000001,1920,1080,77,53.0,0.024574559256955383,0.5584415584415584
0000001_05499_d_0000010.jpg,0000001,1920,1080,72,85.0,0.04033815342426258,0.5277777777777778
0000001_05999_d_0000011.jpg,0000001,1920,1080,39,98.0,0.03406795821535691,0.717948717948718
0000001_07999_d_0000012.jpg,0000001,1920,1080,10,73.5,0.05475812590321988,0.8
0000001_08414_d_0000013.jpg,0000001,1920,1080,21,95.0,0.06649806676955203,0.9047619047619048
0000021_00000_d_0000001.jpg,0000021,960,540,0,,,
0000021_00500_d_0000002.jpg,0000021,960,540,0,,,
0000021_00800_d_0000003.jpg,0000021,960,540,0,,,
0000022_00000_d_0000004.jpg,0000022,960,540,0,,,
0000022_00500_d_0000005.jpg,0000022,960,540,0,,,
0000022_01036_d_0000006.jpg,0000022,960,540,0,,,
0000022_01251_d_0000007.jpg,0000022,960,540,0,,,
0000023_00000_d_0000008.jpg,0000023,960,540,1,35.0,,1.0
0000023_00300_d_0000009.jpg,0000023,960,540,0,,,
0000023_00868_d_0000010.jpg,0000023,960,540,0,,,
0000023_01233_d_0000011.jpg,0000023,960,540,0,,,
0000024_00000_d_0000012.jpg,0000024,960,540,0,,,
0000024_00500_d_0000013.jpg,0000024,960,540,0,,,
0000024_01000_d_0000014.jpg,0000024,960,540,0,,,
0000024_01543_d_0000015.jpg,0000024,960,540,0,,,
0000026_00000_d_0000024.jpg,0000026,1360,765,7,165.0,0.128170736893514,0.5714285714285714
0000026_00500_d_0000025.jpg,0000026,1360,765,10,169.0,0.14368414398583562,0.4
0000026_01000_d_0000026.jpg,0000026,1360,765,19,170.0,0.11406726871288984,0.05263157894736842
0000026_01500_d_0000027.jpg,0000026,1360,765,9,175.0,0.1457662477744379,0.2222222222222222
0000026_02000_d_0000028.jpg,0000026,1360,765,9,149.0,0.1581697711151452,0.2222222222222222
0000026_02500_d_0000029.jpg,0000026,1360,765,4,149.5,0.27924138421021105,0.25
0000026_03000_d_0000030.jpg,0000026,1360,765,12,152.5,0.09652070124016712,0.25
0000026_03500_d_0000031.jpg,0000026,1360,765,20,166.0,0.12130926720584004,0.4
0000026_04000_d_0000032.jpg,0000026,1360,765,13,162.0,0.14118843775871812,0.15384615384615385
0000026_04500_d_0000033.jpg,0000026,1360,765,40,50.0,0.0342997170285018,0.825
0000026_04978_d_0000034.jpg,0000026,1360,765,29,78.0,0.06744459188551581,0.7241379310344828
0000055_00000_d_0000109.jpg,0000055,960,540,0,,,
0000055_00714_d_0000110.jpg,0000055,960,540,1,106.0,,1.0
0000069_00001_d_0000001.jpg,0000069,1360,765,0,,,
0000069_00483_d_0000002.jpg,0000069,1360,765,0,,,
0000069_00713_d_0000003.jpg,0000069,1360,765,0,,,
0000069_01109_d_0000004.jpg,0000069,1360,765,0,,,
0000069_01878_d_0000005.jpg,0000069,1360,765,0,,,
0000069_02163_d_0000006.jpg,0000069,1360,765,6,62.5,0.056937606710713115,0.8333333333333334
0000069_02480_d_0000007.jpg,0000069,1360,765,18,42.5,0.026431351546691906,0.8888888888888888
0000072_02834_d_0000003.jpg,0000072,1360,765,1,222.0,,0.0
0000076_02142_d_0000009.jpg,0000076,1360,765,7,120.0,0.16846885136245215,0.2857142857142857
0000081_00000_d_0000001.jpg,0000081,960,540,0,,,
0000086_00000_d_0000001.jpg,0000086,960,540,0,,,
0000086_00592_d_0000002.jpg,0000086,960,540,0,,,
0000086_01084_d_0000003.jpg,0000086,960,540,0,,,
0000086_01443_d_0000004.jpg,0000086,960,540,0,,,
0000086_01954_d_0000005.jpg,0000086,960,540,0,,,
0000103_00180_d_0000026.jpg,0000103,1360,765,0,,,
0000103_00502_d_0000027.jpg,0000103,1360,765,1,547.0,,0.0
0000103_01734_d_0000028.jpg,0000103,1360,765,3,444.0,0.4268329477522272,0.3333333333333333
0000103_02544_d_0000029.jpg,0000103,1360,765,1,142.0,,1.0
0000103_02964_d_0000030.jpg,0000103,1360,765,3,372.0,0.07201754519982607,0.6666666666666666
0000103_03349_d_0000031.jpg,0000103,1360,765,3,306.0,0.2975860338168686,0.3333333333333333
0000103_03738_d_0000032.jpg,0000103,1360,765,1,417.0,,0.0
0000103_04122_d_0000033.jpg,0000103,1360,765,0,,,
0000103_04513_d_0000034.jpg,0000103,1360,765,1,200.0,,0.0
0000103_04948_d_0000035.jpg,0000103,1360,765,1,302.0,,0.0
0000115_00315_d_0000080.jpg,0000115,960,540,9,51.0,0.07602193356902587,1.0
0000115_00796_d_0000081.jpg,0000115,960,540,15,32.0,0.056076866660809126,0.8
0000115_01031_d_0000082.jpg,0000115,960,540,11,36.0,0.06497296450424198,0.45454545454545453
0000116_00351_d_0000083.jpg,0000116,960,540,18,24.5,0.04187269799170178,0.6666666666666666
0000116_00819_d_0000084.jpg,0000116,960,540,14,35.5,0.06396429635350341,0.5714285714285714
0000116_01059_d_0000085.jpg,0000116,960,540,11,44.0,0.1039761632491096,0.8181818181818182
0000116_01338_d_0000086.jpg,0000116,960,540,13,34.0,0.08670094004664869,0.8461538461538461
0000117_00112_d_0000087.jpg,0000117,1360,765,12,115.0,0.14739017856759984,0.08333333333333333
0000117_01326_d_0000088.jpg,0000117,1360,765,19,70.0,0.05100763435972879,0.47368421052631576
0000117_01731_d_0000089.jpg,0000117,1360,765,16,104.5,0.08051312037714278,0.125
0000117_02708_d_0000090.jpg,0000117,1360,765,17,44.0,0.050840433931360354,0.35294117647058826
0000117_03096_d_0000091.jpg,0000117,1360,765,13,64.0,0.09396010922328142,0.46153846153846156
0000129_02411_d_0000138.jpg,0000129,1920,1080,116,58.0,0.0332386664024722,0.20689655172413793
0000153_00001_d_0000001.jpg,0000153,960,540,21,40.0,0.050178149758408695,0.47619047619047616
0000153_00401_d_0000001.jpg,0000153,960,540,16,59.5,0.0688028477249645,0.375
0000153_00801_d_0000001.jpg,0000153,960,540,13,27.0,0.06116854348278663,0.5384615384615384
0000153_01201_d_0000001.jpg,0000153,960,540,6,24.0,0.07525443895421441,0.5
0000153_01601_d_0000001.jpg,0000153,960,540,13,13.0,0.04705910917681907,0.3076923076923077
0000153_01801_d_0000001.jpg,0000153,960,540,6,37.5,0.10609268613406697,0.16666666666666666
0000154_00001_d_0000001.jpg,0000154,960,540,13,46.0,0.04420644827900613,0.5384615384615384
0000154_00401_d_0000001.jpg,0000154,960,540,13,24.0,0.050449721387480634,0.46153846153846156
0000154_00801_d_0000001.jpg,0000154,960,540,19,22.0,0.03301351201112419,0.631578947368421
0000154_01201_d_0000001.jpg,0000154,960,540,12,22.0,0.05595826672217951,0.25
0000154_01601_d_0000001.jpg,0000154,960,540,31,25.0,0.025993074520992004,0.6774193548387096
0000154_02001_d_0000001.jpg,0000154,960,540,17,28.0,0.04573418153084887,0.35294117647058826
0000155_00001_d_0000001.jpg,0000155,960,540,22,36.5,0.050706452901998954,0.7272727272727273
0000155_00401_d_0000001.jpg,0000155,960,540,26,31.0,0.03352332867326957,0.46153846153846156
0000155_00801_d_0000001.jpg,0000155,960,540,25,36.0,0.04494453052266323,0.28
0000155_01201_d_0000001.jpg,0000155,960,540,17,25.0,0.04851680805447303,0.47058823529411764
0000155_01601_d_0000001.jpg,0000155,960,540,15,28.0,0.04351851851851857,0.6
0000155_01871_d_0000001.jpg,0000155,960,540,17,21.0,0.03635185251516476,0.47058823529411764
0000162_00001_d_0000001.jpg,0000162,960,540,15,27.0,0.08632228515160256,0.06666666666666667
0000162_00401_d_0000001.jpg,0000162,960,540,12,21.5,0.04519532753147576,0.5833333333333334
0000162_00801_d_0000001.jpg,0000162,960,540,17,25.0,0.038386904620891955,0.35294117647058826
0000162_01058_d_0000001.jpg,0000162,960,540,15,26.0,0.05208722336296008,0.6
0000163_00001_d_0000001.jpg,0000163,960,540,20,22.5,0.05019342870793291,0.55
0000163_00359_d_0000001.jpg,0000163,960,540,12,11.5,0.02735914550285774,0.3333333333333333
0000165_04325_d_0000105.jpg,0000165,1920,1080,13,56.0,0.024358975274181387,0.6153846153846154
0000166_00558_d_0000118.jpg,0000166,1920,1080,23,150.0,0.028765372657906536,0.782608695652174
0000193_00000_d_0000103.jpg,0000193,960,540,10,59.0,0.09279142842203505,0.4
0000193_01497_d_0000111.jpg,0000193,960,540,13,45.0,0.044629463041893656,0.5384615384615384
0000193_01705_d_0000112.jpg,0000193,960,540,15,49.0,0.07256808304736369,0.5333333333333333
0000193_01876_d_0000113.jpg,0000193,960,540,10,59.0,0.09833292748915906,0.2
0000193_02029_d_0000114.jpg,0000193,960,540,6,38.5,0.13901052744613188,0.3333333333333333
0000193_02212_d_0000115.jpg,0000193,960,540,6,22.0,0.07120003121097943,0.5
0000193_02416_d_0000116.jpg,0000193,960,540,3,20.0,0.21058741525030775,0.3333333333333333
0000193_02606_d_0000117.jpg,0000193,960,540,1,17.0,,1.0
0000193_02725_d_0000118.jpg,0000193,960,540,3,17.0,0.02651353612687225,0.6666666666666666
0000194_00000_d_0000119.jpg,0000194,960,540,16,17.5,0.02507811014346233,0.75
0000194_00200_d_0000120.jpg,0000194,960,540,21,19.0,0.026041666666666637,0.47619047619047616
0000194_00399_d_0000121.jpg,0000194,960,540,26,19.5,0.026233525733599793,0.6923076923076923
0000194_00625_d_0000122.jpg,0000194,960,540,18,25.5,0.04507269740365498,0.6666666666666666
0000194_00800_d_0000123.jpg,0000194,960,540,12,42.0,0.10409978663550312,0.4166666666666667
0000194_00998_d_0000124.jpg,0000194,960,540,6,61.0,0.12560682235543896,0.5
0000194_01192_d_0000125.jpg,0000194,960,540,6,64.0,0.16988665550790488,0.6666666666666666
0000196_04512_d_0000144.jpg,0000196,1920,1080,8,30.5,0.030779203960360515,0.75
0000199_01269_d_0000166.jpg,0000199,960,540,12,51.0,0.08920798613719871,0.16666666666666666
0000213_02500_d_0000240.jpg,0000213,1360,765,60,28.5,0.013795841618689826,0.8166666666666667
0000213_02965_d_0000241.jpg,0000213,1360,765,62,39.5,0.020029133077284815,0.7258064516129032
0000213_03478_d_0000242.jpg,0000213,1360,765,53,52.0,0.029765483756171777,0.6981132075471698
0000213_03920_d_0000243.jpg,0000213,1360,765,49,60.0,0.04191678103221948,0.7142857142857143
0000213_04405_d_0000244.jpg,0000213,1360,765,49,63.0,0.030240927818843896,0.7142857142857143
0000213_04998_d_0000245.jpg,0000213,1360,765,54,52.0,0.03602137524675956,0.6481481481481481
0000213_05340_d_0000246.jpg,0000213,1360,765,38,81.0,0.06405979014350544,0.4473684210526316
0000213_05745_d_0000247.jpg,0000213,1360,765,38,69.0,0.05323615235509081,0.5789473684210527
0000215_00000_d_0000256.jpg,0000215,1360,765,63,30.0,0.02364839763423386,0.8253968253968254
0000215_00447_d_0000257.jpg,0000215,1360,765,45,65.0,0.03189480643519494,0.8888888888888888
0000215_00909_d_0000258.jpg,0000215,1360,765,48,59.0,0.04322404413081971,0.6666666666666666
0000215_01395_d_0000259.jpg,0000215,1360,765,38,47.0,0.03947830856905085,0.5789473684210527
0000215_01869_d_0000260.jpg,0000215,1360,765,37,51.0,0.034058437999129935,0.5675675675675675
0000215_02319_d_0000261.jpg,0000215,1360,765,44,46.5,0.03938163657202534,0.6363636363636364
0000215_02667_d_0000262.jpg,0000215,1360,765,45,54.0,0.03890407582296852,0.3111111111111111
0000215_02932_d_0000263.jpg,0000215,1360,765,34,63.5,0.05155657825777572,0.6470588235294118
0000215_03226_d_0000264.jpg,0000215,1360,765,14,57.0,0.09507259143637287,0.5
0000216_00520_d_0000001.jpg,0000216,1360,765,56,44.0,0.03272933766221863,0.26785714285714285
0000220_01242_d_0000004.jpg,0000220,1920,1080,26,29.5,0.016444857356226222,0.5769230769230769
0000223_01802_d_0000005.jpg,0000223,1920,1080,50,33.5,0.024130842852798366,0.58
0000237_00001_d_0000001.jpg,0000237,960,540,10,27.0,0.056754047854525695,0.6
0000242_00001_d_0000001.jpg,0000242,960,540,32,24.5,0.033390547390542716,0.375
0000242_00500_d_0000002.jpg,0000242,960,540,33,17.0,0.01898148148148145,0.45454545454545453
0000242_00627_d_0000003.jpg,0000242,960,540,30,19.0,0.02448841443844799,0.36666666666666664
0000242_00843_d_0000004.jpg,0000242,960,540,2,225.5,0.5848163771340591,0.0
0000242_00963_d_0000005.jpg,0000242,960,540,6,110.0,0.08925031486733281,0.3333333333333333
0000242_01139_d_0000006.jpg,0000242,960,540,47,16.0,0.01965412735845131,0.574468085106383
0000242_01475_d_0000007.jpg,0000242,960,540,44,32.0,0.03356572384558761,0.29545454545454547
0000242_01912_d_0000008.jpg,0000242,960,540,29,16.0,0.029089634091148824,0.3448275862068966
0000242_02400_d_0000009.jpg,0000242,960,540,17,25.0,0.05820576995962631,0.11764705882352941
0000242_02762_d_0000010.jpg,0000242,960,540,21,37.0,0.06187381898285393,0.19047619047619047
0000242_03199_d_0000011.jpg,0000242,960,540,5,36.0,0.1697655204217943,0.4
0000242_03668_d_0000012.jpg,0000242,960,540,16,51.5,0.10139762522081122,0.5
0000242_04116_d_0000013.jpg,0000242,960,540,3,49.0,0.2749847099600368,0.0
0000242_04600_d_0000014.jpg,0000242,960,540,18,54.5,0.05805746454701129,0.3333333333333333
0000242_05059_d_0000015.jpg,0000242,960,540,12,19.0,0.0355753085287193,0.3333333333333333
0000242_05570_d_0000016.jpg,0000242,960,540,16,16.5,0.03461993478361759,0.1875
0000242_06010_d_0000017.jpg,0000242,960,540,30,7.0,0.009970628298827786,0.5
0000242_06452_d_0000018.jpg,0000242,960,540,10,30.0,0.050135221884396244,0.4
0000244_00001_d_0000001.jpg,0000244,960,540,29,16.0,0.02547354840998162,0.27586206896551724
0000244_00500_d_0000002.jpg,0000244,960,540,22,12.0,0.015357351103014862,0.45454545454545453
0000244_01000_d_0000003.jpg,0000244,960,540,75,11.0,0.012811328947119005,0.6533333333333333
0000244_01500_d_0000004.jpg,0000244,960,540,49,14.0,0.020270909462762898,0.4897959183673469
0000244_02000_d_0000005.jpg,0000244,960,540,89,21.0,0.021283790737477232,0.6404494382022472
0000244_02500_d_0000006.jpg,0000244,960,540,71,16.0,0.02408408801699634,0.3380281690140845
0000244_03000_d_0000007.jpg,0000244,960,540,25,18.0,0.04313392813536902,0.2
0000244_03500_d_0000008.jpg,0000244,960,540,84,21.0,0.014568628682925536,0.8571428571428571
0000244_04000_d_0000009.jpg,0000244,960,540,24,46.0,0.061952567220573546,0.4583333333333333
0000244_04400_d_0000010.jpg,0000244,960,540,39,40.0,0.03316007570427587,0.6666666666666666
0000244_04900_d_0000011.jpg,0000244,960,540,75,38.0,0.03345613191270044,0.6
0000244_05400_d_0000012.jpg,0000244,960,540,60,20.5,0.02600656185327737,0.55
0000244_05900_d_0000013.jpg,0000244,960,540,52,15.0,0.029129026750984922,0.4230769230769231
0000244_06388_d_0000014.jpg,0000244,960,540,41,15.0,0.027667666113294093,0.3170731707317073
0000249_00001_d_0000001.jpg,0000249,960,540,65,10.0,0.014544817045574388,0.5384615384615384
0000249_00235_d_0000002.jpg,0000249,960,540,54,19.0,0.02255207203229441,0.6111111111111112
0000249_00603_d_0000003.jpg,0000249,960,540,36,12.5,0.021566593696934935,0.6111111111111112
0000249_01100_d_0000004.jpg,0000249,960,540,17,16.0,0.03406795821535687,0.11764705882352941
0000249_01514_d_0000005.jpg,0000249,960,540,31,37.0,0.06227973123780995,0.3870967741935484
0000249_01635_d_0000006.jpg,0000249,960,540,49,10.0,0.013330926874206709,0.5918367346938775
0000249_02073_d_0000007.jpg,0000249,960,540,37,10.0,0.014896984401121431,0.13513513513513514
0000249_02468_d_0000008.jpg,0000249,960,540,11,46.0,0.04743792787678597,0.5454545454545454
0000249_02900_d_0000009.jpg,0000249,960,540,52,18.5,0.027809495274940282,0.40384615384615385
0000249_03400_d_0000010.jpg,0000249,960,540,58,27.0,0.027948568905953295,0.5517241379310345
0000249_03900_d_0000011.jpg,0000249,960,540,65,20.0,0.0193978857270325,0.46153846153846156
0000253_00001_d_0000001.jpg,0000253,960,540,93,24.0,0.02361118203057618,0.13978494623655913
0000256_00715_d_0000019.jpg,0000256,1360,765,70,27.0,0.023453013736525315,0.6
0000256_02173_d_0000030.jpg,0000256,1360,765,34,46.5,0.0329752807718391,0.7941176470588235
0000263_02401_d_0000179.jpg,0000263,1360,765,11,136.0,0.08475881948542599,0.45454545454545453
0000269_00001_d_0000348.jpg,0000269,1360,765,71,18.0,0.01574790664887266,0.5211267605633803
0000269_00201_d_0000349.jpg,0000269,1360,765,35,44.0,0.043415054972554074,0.37142857142857144
0000269_00601_d_0000351.jpg,0000269,1360,765,59,27.0,0.02857480628884249,0.5084745762711864
0000271_00001_d_0000374.jpg,0000271,1360,765,11,95.0,0.1368622381339282,0.36363636363636365
0000271_00201_d_0000375.jpg,0000271,1360,765,27,44.0,0.06026427560911135,0.48148148148148145
0000271_00401_d_0000376.jpg,0000271,1360,765,11,68.0,0.10895116346137147,0.6363636363636364
0000271_00601_d_0000377.jpg,0000271,1360,765,22,43.5,0.0723280561737506,0.5
0000271_00801_d_0000378.jpg,0000271,1360,765,21,37.0,0.07114274051557283,0.23809523809523808
0000271_01201_d_0000379.jpg,0000271,1360,765,23,53.0,0.05060428761886988,0.6521739130434783
0000271_01401_d_0000380.jpg,0000271,1360,765,21,40.0,0.04990260348705033,0.23809523809523808
0000271_01601_d_0000381.jpg,0000271,1360,765,26,33.0,0.03588845476084345,0.38461538461538464
0000271_02401_d_0000385.jpg,0000271,1360,765,36,46.5,0.0274931754209188,0.6388888888888888
0000271_02601_d_0000386.jpg,0000271,1360,765,43,47.0,0.04622567863268102,0.6511627906976745
0000271_03001_d_0000387.jpg,0000271,1360,765,21,40.0,0.05098171779008014,0.38095238095238093
0000271_03801_d_0000391.jpg,0000271,1360,765,22,58.0,0.0483004632823585,0.36363636363636365
0000271_04401_d_0000394.jpg,0000271,1360,765,30,38.0,0.04791809202704671,0.43333333333333335
0000271_04801_d_0000396.jpg,0000271,1360,765,24,38.5,0.04903201436137126,0.4166666666666667
0000271_05001_d_0000397.jpg,0000271,1360,765,34,32.0,0.03916799932836845,0.5588235294117647
0000271_05201_d_0000398.jpg,0000271,1360,765,36,38.0,0.03793548966222385,0.4444444444444444
0000271_05401_d_0000399.jpg,0000271,1360,765,51,32.0,0.03472222222222224,0.6274509803921569
0000271_05601_d_0000400.jpg,0000271,1360,765,61,30.0,0.02685361946039671,0.6557377049180327
0000271_05801_d_0000401.jpg,0000271,1360,765,79,40.0,0.025302143809434904,0.6962025316455697
0000271_06001_d_0000402.jpg,0000271,1360,765,97,42.0,0.030590159881635215,0.7319587628865979
0000271_06201_d_0000403.jpg,0000271,1360,765,88,45.5,0.025857104682258204,0.7840909090909091
0000271_06401_d_0000404.jpg,0000271,1360,765,89,47.0,0.028099854492199882,0.7191011235955056
0000271_06601_d_0000405.jpg,0000271,1360,765,76,60.5,0.03965391765091806,0.7368421052631579
0000271_06801_d_0000406.jpg,0000271,1360,765,51,84.0,0.0631764859924398,0.6666666666666666
0000271_07001_d_0000407.jpg,0000271,1360,765,16,113.0,0.1008564169353037,0.4375
0000271_07201_d_0000408.jpg,0000271,1360,765,3,58.0,0.4116646140441091,0.0
0000271_07401_d_0000409.jpg,0000271,1360,765,27,58.0,0.08340250877413281,0.48148148148148145
0000273_05601_d_0000466.jpg,0000273,1360,765,31,58.0,0.03850804898183901,0.9032258064516129
0000276_00001_d_0000507.jpg,0000276,1360,765,25,35.0,0.04452848602702002,0.4
0000276_00401_d_0000509.jpg,0000276,1360,765,38,14.0,0.017312600429894378,0.3684210526315789
0000276_00601_d_0000510.jpg,0000276,1360,765,23,24.0,0.02944850646250116,0.34782608695652173
0000276_01001_d_0000512.jpg,0000276,1360,765,32,24.5,0.02346297270487814,0.375
0000276_01201_d_0000513.jpg,0000276,1360,765,22,23.0,0.03172555095717404,0.3181818181818182
0000276_01401_d_0000514.jpg,0000276,1360,765,19,26.0,0.03681697899660793,0.3684210526315789
0000276_01801_d_0000516.jpg,0000276,1360,765,19,12.0,0.011972299829101982,0.2631578947368421
0000276_02001_d_0000517.jpg,0000276,1360,765,13,26.0,0.02686902587071166,0.3076923076923077
0000276_02201_d_0000518.jpg,0000276,1360,765,36,21.5,0.02346250492486269,0.3055555555555556
0000276_02401_d_0000519.jpg,0000276,1360,765,43,13.0,0.020020549443969967,0.3953488372093023
0000276_02601_d_0000520.jpg,0000276,1360,765,30,16.0,0.021726496913195628,0.13333333333333333
0000276_02801_d_0000521.jpg,0000276,1360,765,27,20.0,0.02094409394634408,0.4444444444444444
0000276_03001_d_0000522.jpg,0000276,1360,765,27,23.0,0.03249747478006617,0.25925925925925924
0000276_03201_d_0000523.jpg,0000276,1360,765,33,18.0,0.018062069995647176,0.3939393939393939
0000276_03401_d_0000524.jpg,0000276,1360,765,39,23.0,0.024483782483145065,0.48717948717948717
0000276_03601_d_0000525.jpg,0000276,1360,765,24,40.5,0.03926673641389618,0.25
0000276_03801_d_0000526.jpg,0000276,1360,765,49,36.0,0.02891351873681142,0.6938775510204082
0000276_04001_d_0000527.jpg,0000276,1360,765,53,17.0,0.016666666666666684,0.8301886792452831
0000276_04201_d_0000528.jpg,0000276,1360,765,57,41.0,0.040162271904081975,0.7543859649122807
0000276_04401_d_0000529.jpg,0000276,1360,765,40,59.0,0.058580082596640104,0.4
0000276_04601_d_0000530.jpg,0000276,1360,765,10,19.0,0.038772899536974305,0.2
0000276_04801_d_0000531.jpg,0000276,1360,765,8,42.0,0.055443042256585195,0.0
0000276_05001_d_0000532.jpg,0000276,1360,765,7,17.0,0.05460721303168856,0.0
0000276_05201_d_0000533.jpg,0000276,1360,765,6,39.0,0.12645532349948949,0.0
0000276_05601_d_0000535.jpg,0000276,1360,765,6,17.0,0.06897422002828146,0.16666666666666666
0000276_05801_d_0000536.jpg,0000276,1360,765,5,17.0,0.01884706708525925,0.2
0000276_06001_d_0000537.jpg,0000276,1360,765,14,19.5,0.03892182929619717,0.42857142857142855
0000277_00001_d_0000539.jpg,0000277,1360,765,52,29.0,0.02859783063072649,0.5384615384615384
0000277_00201_d_0000540.jpg,0000277,1360,765,60,36.5,0.029725702521542996,0.6333333333333333
0000277_00401_d_0000541.jpg,0000277,1360,765,53,29.0,0.025703112984373014,0.6981132075471698
0000277_01401_d_0000546.jpg,0000277,1360,765,47,57.0,0.02657942303725048,0.8085106382978723
0000277_01601_d_0000547.jpg,0000277,1360,765,51,44.0,0.026079917121910802,0.7254901960784313
0000277_01801_d_0000548.jpg,0000277,1360,765,63,42.0,0.027784535173847644,0.7777777777777778
0000277_02001_d_0000549.jpg,0000277,1360,765,48,60.5,0.04441830498139981,0.6458333333333334
0000277_02201_d_0000550.jpg,0000277,1360,765,47,56.0,0.036852835547475496,0.5106382978723404
0000277_02401_d_0000551.jpg,0000277,1360,765,60,35.0,0.025087844486884225,0.5
0000277_02601_d_0000552.jpg,0000277,1360,765,75,32.0,0.018864633840845267,0.76
0000277_03201_d_0000554.jpg,0000277,1360,765,50,45.5,0.024543552180640194,0.76
0000277_03401_d_0000555.jpg,0000277,1360,765,64,26.5,0.018714545654980996,0.75
0000277_03601_d_0000556.jpg,0000277,1360,765,29,50.0,0.03924325011691259,0.5172413793103449
0000277_04001_d_0000558.jpg,0000277,1360,765,43,26.0,0.02203157358259238,0.627906976744186
0000277_04201_d_0000559.jpg,0000277,1360,765,24,98.5,0.04835306143330943,0.75
0000277_04401_d_0000560.jpg,0000277,1360,765,42,60.0,0.03889300796552116,0.5952380952380952
0000277_04601_d_0000561.jpg,0000277,1360,765,65,38.0,0.02472468441963541,0.6461538461538462
0000277_05001_d_0000562.jpg,0000277,1360,765,65,39.0,0.028743427779631233,0.676923076923077
0000280_00001_d_0000612.jpg,0000280,1360,765,37,35.0,0.03224571361435827,0.7297297297297297
0000280_00201_d_0000613.jpg,0000280,1360,765,22,66.0,0.08099250924201032,0.5
0000280_00401_d_0000614.jpg,0000280,1360,765,30,42.0,0.03637695639808491,0.5666666666666667
0000280_00601_d_0000615.jpg,0000280,1360,765,42,27.0,0.021263253364358345,0.8333333333333334
0000280_00801_d_0000616.jpg,0000280,1360,765,36,28.0,0.02058907391661819,0.7777777777777778
0000280_01001_d_0000617.jpg,0000280,1360,765,79,17.0,0.012564711390172846,0.7974683544303798
0000280_01201_d_0000618.jpg,0000280,1360,765,79,23.0,0.02176823854036718,0.7215189873417721
0000280_01401_d_0000619.jpg,0000280,1360,765,75,30.0,0.022083017475295733,0.68
0000280_01601_d_0000620.jpg,0000280,1360,765,82,25.0,0.01655882787005105,0.7073170731707317
0000280_01801_d_0000621.jpg,0000280,1360,765,72,20.5,0.015595795404666914,0.6805555555555556
0000280_02001_d_0000622.jpg,0000280,1360,765,50,28.5,0.025567588227540704,0.62
0000280_02201_d_0000623.jpg,0000280,1360,765,54,26.0,0.027383338317566397,0.7222222222222222
0000280_02401_d_0000624.jpg,0000280,1360,765,63,26.0,0.01986256289341269,0.6984126984126984
0000280_02601_d_0000625.jpg,0000280,1360,765,46,35.5,0.029952945056616248,0.5
0000280_02801_d_0000626.jpg,0000280,1360,765,34,46.0,0.05915625083179151,0.5588235294117647
0000280_03001_d_0000627.jpg,0000280,1360,765,47,38.0,0.022655922588009882,0.8085106382978723
0000280_03201_d_0000628.jpg,0000280,1360,765,51,36.0,0.028767568465706408,0.6274509803921569
0000280_03401_d_0000629.jpg,0000280,1360,765,55,37.0,0.02814969327413853,0.6909090909090909
0000283_00401_d_0000676.jpg,0000283,1920,1080,4,126.5,0.25578457951676037,0.25
0000283_00601_d_0000677.jpg,0000283,1920,1080,9,22.0,0.029456316964397995,0.0
0000283_00801_d_0000678.jpg,0000283,1920,1080,8,10.5,0.029414149279809856,0.0
0000283_01001_d_0000679.jpg,0000283,1920,1080,4,42.5,0.08288150072721648,0.0
0000287_00001_d_0000759.jpg,0000287,1360,765,32,34.0,0.03488667323266293,0.65625
0000287_00201_d_0000760.jpg,0000287,1360,765,34,34.0,0.0350255642346029,0.5
0000287_00401_d_0000761.jpg,0000287,1360,765,38,30.5,0.029007611211259943,0.3684210526315789
0000287_00601_d_0000762.jpg,0000287,1360,765,63,17.0,0.013683177172759133,0.6507936507936508
0000287_00801_d_0000763.jpg,0000287,1360,765,36,39.5,0.02685361946039675,0.5833333333333334
0000287_01001_d_0000764.jpg,0000287,1360,765,37,34.0,0.036902881228984746,0.6756756756756757
0000287_01201_d_0000765.jpg,0000287,1360,765,38,29.0,0.0277124010234804,0.47368421052631576
0000287_01401_d_0000766.jpg,0000287,1360,765,37,30.0,0.03750569538250148,0.5405405405405406
0000287_01601_d_0000767.jpg,0000287,1360,765,36,30.5,0.03136318247468385,0.7222222222222222
0000287_01801_d_0000768.jpg,0000287,1360,765,31,36.0,0.022559710511469617,0.7419354838709677
0000287_02001_d_0000769.jpg,0000287,1360,765,22,82.0,0.0406054992577786,0.4090909090909091
0000287_02201_d_0000770.jpg,0000287,1360,765,14,51.5,0.059031622327702676,0.42857142857142855
0000287_02401_d_0000771.jpg,0000287,1360,765,11,83.0,0.038145830793926375,0.45454545454545453
0000287_02601_d_0000772.jpg,0000287,1360,765,20,62.0,0.05804368934117428,0.55
0000287_02801_d_0000773.jpg,0000287,1360,765,27,76.0,0.04753308416124457,0.48148148148148145
0000287_03001_d_0000774.jpg,0000287,1360,765,14,88.5,0.0650434044593902,0.14285714285714285
0000287_03401_d_0000776.jpg,0000287,1360,765,44,55.0,0.04187043678987198,0.0
0000287_04601_d_0000780.jpg,0000287,1360,765,36,65.0,0.042043979179282064,0.08333333333333333
0000287_04801_d_0000781.jpg,0000287,1360,765,26,64.5,0.052796859364371604,0.15384615384615385
0000287_05001_d_0000782.jpg,0000287,1360,765,27,65.0,0.058642619070383144,0.1111111111111111
0000289_00001_d_0000811.jpg,0000289,1360,765,17,67.0,0.07133489903314649,0.47058823529411764
0000289_00201_d_0000812.jpg,0000289,1360,765,19,68.0,0.07248054799288486,0.47368421052631576
0000289_00401_d_0000813.jpg,0000289,1360,765,24,84.0,0.07620145512056806,0.5416666666666666
0000289_00601_d_0000814.jpg,0000289,1360,765,19,64.0,0.07713404861016922,0.47368421052631576
0000289_00801_d_0000815.jpg,0000289,1360,765,17,76.0,0.08915776904863226,0.29411764705882354
0000289_01001_d_0000816.jpg,0000289,1360,765,18,60.0,0.06908427432902091,0.4444444444444444
0000289_01201_d_0000817.jpg,0000289,1360,765,19,72.0,0.06409416564823947,0.42105263157894735
0000289_01401_d_0000818.jpg,0000289,1360,765,19,63.0,0.056371897789171996,0.3684210526315789
0000289_01601_d_0000819.jpg,0000289,1360,765,26,58.0,0.05852437572692886,0.34615384615384615
0000289_02001_d_0000821.jpg,0000289,1360,765,24,68.5,0.07115524653449604,0.16666666666666666
0000289_02201_d_0000822.jpg,0000289,1360,765,13,177.0,0.16374361063019735,0.3076923076923077
0000289_02401_d_0000823.jpg,0000289,1360,765,22,52.0,0.06427556470428311,0.3181818181818182
0000289_02601_d_0000824.jpg,0000289,1360,765,26,48.5,0.061367213921285434,0.46153846153846156
0000289_03001_d_0000826.jpg,0000289,1360,765,23,58.0,0.08461458369595574,0.34782608695652173
0000289_03201_d_0000827.jpg,0000289,1360,765,25,63.0,0.08902829922156068,0.4
0000289_03401_d_0000828.jpg,0000289,1360,765,18,71.5,0.11292349589587265,0.4444444444444444
0000289_03601_d_0000829.jpg,0000289,1360,765,17,75.0,0.08113596602431604,0.6470588235294118
0000289_03801_d_0000830.jpg,0000289,1360,765,19,72.0,0.06624513554166767,0.47368421052631576
0000289_04001_d_0000831.jpg,0000289,1360,765,16,100.5,0.11103133550012628,0.375
0000289_04201_d_0000832.jpg,0000289,1360,765,14,40.5,0.059267449101860506,0.35714285714285715
0000289_04401_d_0000833.jpg,0000289,1360,765,16,49.5,0.04654483310505514,0.4375
0000289_04601_d_0000834.jpg,0000289,1360,765,16,43.5,0.04411433660789983,0.4375
0000289_04801_d_0000835.jpg,0000289,1360,765,20,52.5,0.05465783970911891,0.25
0000289_05001_d_0000836.jpg,0000289,1360,765,20,63.0,0.06717297456728803,0.5
0000289_05201_d_0000837.jpg,0000289,1360,765,24,59.5,0.07294561249527275,0.375
0000289_05401_d_0000838.jpg,0000289,1360,765,25,60.0,0.06008652290260425,0.52
0000289_05601_d_0000839.jpg,0000289,1360,765,43,43.0,0.03251757149439411,0.6511627906976745
0000289_05801_d_0000840.jpg,0000289,1360,765,43,42.0,0.030635402994138482,0.4883720930232558
0000289_06001_d_0000841.jpg,0000289,1360,765,42,40.0,0.02957812541589577,0.6428571428571429
0000289_06201_d_0000842.jpg,0000289,1360,765,42,47.0,0.04017867087873486,0.5952380952380952
0000289_06401_d_0000843.jpg,0000289,1360,765,37,54.0,0.05053122737879551,0.4594594594594595
0000289_06601_d_0000844.jpg,0000289,1360,765,39,66.0,0.05953096751234354,0.5641025641025641
0000289_06801_d_0000845.jpg,0000289,1360,765,37,45.0,0.04866216355814697,0.32432432432432434
0000289_07001_d_0000846.jpg,0000289,1360,765,29,72.0,0.07368937982029569,0.3793103448275862
0000289_07201_d_0000847.jpg,0000289,1360,765,23,85.0,0.08147784516049197,0.21739130434782608
0000290_04001_d_0000867.jpg,0000290,1360,765,49,50.0,0.042304880870277,0.4897959183673469
0000291_00001_d_0000868.jpg,0000291,1360,765,62,30.5,0.017080275522927506,0.8709677419354839
0000291_00201_d_0000869.jpg,0000291,1360,765,46,39.5,0.02541519467021132,0.8913043478260869
0000291_00401_d_0000870.jpg,0000291,1360,765,68,26.5,0.022489292743342538,0.7352941176470589
0000291_00601_d_0000871.jpg,0000291,1360,765,48,56.5,0.0459067051943511,0.7291666666666666
0000291_01001_d_0000873.jpg,0000291,1360,765,46,44.0,0.031294484432617134,0.8043478260869565
0000291_01201_d_0000874.jpg,0000291,1360,765,58,60.5,0.0343005927249679,0.8620689655172413
0000291_01401_d_0000875.jpg,0000291,1360,765,41,50.0,0.029613533815541365,0.7804878048780488
0000291_01601_d_0000876.jpg,0000291,1360,765,19,113.0,0.09933458801890184,0.3684210526315789
0000291_01801_d_0000877.jpg,0000291,1360,765,62,67.0,0.039340542676759,0.4838709677419355
0000291_02001_d_0000878.jpg,0000291,1360,765,60,62.0,0.044307764724405535,0.45
0000291_02201_d_0000879.jpg,0000291,1360,765,60,53.0,0.041232128417223846,0.23333333333333334
0000291_02601_d_0000881.jpg,0000291,1360,765,78,45.0,0.03008558325390178,0.4230769230769231
0000291_03201_d_0000884.jpg,0000291,1360,765,108,34.0,0.019640665611261265,0.7870370370370371
0000291_03401_d_0000885.jpg,0000291,1360,765,28,92.5,0.06200628683591977,0.8214285714285714
0000291_03601_d_0000886.jpg,0000291,1360,765,16,102.0,0.07250880534726742,0.3125
0000291_03801_d_0000887.jpg,0000291,1360,765,11,86.0,0.08764055340111002,0.45454545454545453
0000291_04001_d_0000888.jpg,0000291,1360,765,43,65.0,0.03793984733757002,0.813953488372093
0000291_04201_d_0000889.jpg,0000291,1360,765,48,52.5,0.03645216426965724,0.6666666666666666
0000291_04401_d_0000890.jpg,0000291,1360,765,53,56.0,0.034197422922903134,0.6037735849056604
0000291_05001_d_0000892.jpg,0000291,1360,765,49,55.0,0.04141554548130702,0.5510204081632653
0000291_05201_d_0000893.jpg,0000291,1360,765,95,34.0,0.024792622095794855,0.5473684210526316
0000293_03601_d_0000940.jpg,0000293,1360,765,56,23.0,0.024651725867957656,0.3392857142857143
0000295_00000_d_0000021.jpg,0000295,1360,765,73,20.0,0.013379749082309933,0.4794520547945205
0000295_00200_d_0000022.jpg,0000295,1360,765,48,31.5,0.03431141546068101,0.0
0000295_00600_d_0000024.jpg,0000295,1360,765,76,18.5,0.023893030028837237,0.4868421052631579
0000295_00800_d_0000025.jpg,0000295,1360,765,42,36.0,0.04084967320261434,0.30952380952380953
0000295_01000_d_0000026.jpg,0000295,1360,765,114,12.0,0.008891139953321255,0.47368421052631576
0000295_01200_d_0000027.jpg,0000295,1360,765,74,15.5,0.01659610696258344,0.47297297297297297
0000295_01400_d_0000028.jpg,0000295,1360,765,88,19.0,0.011947811524946454,0.7954545454545454
0000295_01600_d_0000029.jpg,0000295,1360,765,74,28.0,0.018200444032468992,0.7702702702702703
0000295_01800_d_0000030.jpg,0000295,1360,765,153,27.0,0.013656810057813237,0.49019607843137253
0000295_02000_d_0000031.jpg,0000295,1360,765,132,32.0,0.019538828473285325,0.6060606060606061
0000295_02200_d_0000032.jpg,0000295,1360,765,96,45.0,0.0247835519997476,0.59375
0000295_02400_d_0000033.jpg,0000295,1360,765,96,21.0,0.016734610962517483,0.5729166666666666
0000295_02900_d_0000034.jpg,0000295,1360,765,96,16.0,0.01609260927019133,0.3854166666666667
0000296_00601_d_0000038.jpg,0000296,1360,765,32,80.5,0.05699224838677717,0.34375
0000296_01001_d_0000040.jpg,0000296,1360,765,66,38.0,0.028817712917732212,0.7878787878787878
0000300_03201_d_0000154.jpg,0000300,1360,765,36,51.0,0.036046937662329984,0.6111111111111112
0000301_00001_d_0000156.jpg,0000301,1360,765,29,58.0,0.04794018515265948,0.5862068965517241
0000301_00201_d_0000157.jpg,0000301,1360,765,30,67.5,0.054550068383624424,0.3333333333333333
0000301_01001_d_0000161.jpg,0000301,1360,765,33,49.0,0.022671568627450997,0.42424242424242425
0000301_01201_d_0000162.jpg,0000301,1360,765,28,52.5,0.044206594551456896,0.42857142857142855
0000303_03401_d_0000200.jpg,0000303,1360,765,35,41.0,0.04706456766413319,0.45714285714285713
0000308_04401_d_0000327.jpg,0000308,1360,765,31,46.0,0.03918062924452495,0.6129032258064516
0000312_00001_d_0000414.jpg,0000312,1360,765,52,76.0,0.04812710450446041,0.6346153846153846
0000312_00201_d_0000415.jpg,0000312,1360,765,52,84.0,0.06378308577475404,0.4807692307692308
0000312_00601_d_0000417.jpg,0000312,1360,765,28,93.0,0.056245829791578286,0.35714285714285715
0000312_01001_d_0000419.jpg,0000312,1360,765,33,94.0,0.06490766272450414,0.21212121212121213
0000312_01201_d_0000420.jpg,0000312,1360,765,33,79.0,0.06424795252827406,0.15151515151515152
0000312_02201_d_0000425.jpg,0000312,1360,765,33,65.0,0.06214610226319024,0.18181818181818182
0000312_02401_d_0000426.jpg,0000312,1360,765,34,79.0,0.0658646835642934,0.14705882352941177
0000312_04201_d_0000435.jpg,0000312,1360,765,29,88.0,0.06043754362283317,0.06896551724137931
0000313_06401_d_0000468.jpg,0000313,1360,765,57,18.0,0.017476070752150505,0.47368421052631576
0000313_06601_d_0000469.jpg,0000313,1360,765,108,22.0,0.014070615705999021,0.5925925925925926
0000313_07001_d_0000471.jpg,0000313,1360,765,5,38.0,0.021681134819796763,1.0
0000315_01601_d_0000509.jpg,0000315,1360,765,43,27.0,0.026217503568772817,0.627906976744186
0000316_00001_d_0000519.jpg,0000316,1360,765,22,28.5,0.03143929613771613,0.7727272727272727
0000316_00201_d_0000520.jpg,0000316,1360,765,20,36.0,0.05060440584775622,0.75
0000316_00401_d_0000521.jpg,0000316,1360,765,19,50.0,0.071751482930795,0.5263157894736842
0000316_00601_d_0000522.jpg,0000316,1360,765,17,33.0,0.022655922588009882,0.7647058823529411
0000316_00801_d_0000523.jpg,0000316,1360,765,15,35.0,0.038813638954966326,0.6666666666666666
0000316_01001_d_0000524.jpg,0000316,1360,765,4,60.0,0.28935811533526434,0.5
0000316_01201_d_0000525.jpg,0000316,1360,765,17,97.0,0.10302349941241713,0.5294117647058824
0000316_01401_d_0000526.jpg,0000316,1360,765,13,99.0,0.1299618598283314,0.5384615384615384
0000316_01601_d_0000527.jpg,0000316,1360,765,10,88.5,0.1103791202947351,0.6
0000316_01801_d_0000528.jpg,0000316,1360,765,4,112.0,0.2463094240363576,0.5
0000316_02001_d_0000529.jpg,0000316,1360,765,3,66.0,0.5868862753847226,0.6666666666666666
0000316_02201_d_0000530.jpg,0000316,1360,765,2,106.5,0.21080692628999556,0.0
0000323_02601_d_0000645.jpg,0000323,1360,765,68,34.0,0.019407396300291778,0.7352941176470589
0000327_00001_d_0000711.jpg,0000327,1360,765,33,41.0,0.03158757605482357,0.36363636363636365
0000327_00201_d_0000712.jpg,0000327,1360,765,37,41.0,0.05007218573341382,0.3783783783783784
0000327_00401_d_0000713.jpg,0000327,1360,765,28,49.0,0.054418396428721816,0.6428571428571429
0000327_00601_d_0000714.jpg,0000327,1360,765,39,49.0,0.027129873064487255,0.717948717948718
0000327_00801_d_0000715.jpg,0000327,1360,765,49,30.0,0.030759017297617385,0.6938775510204082
0000327_01001_d_0000716.jpg,0000327,1360,765,52,42.0,0.03405010781727892,0.5
0000327_01201_d_0000717.jpg,0000327,1360,765,43,74.0,0.05222991356237799,0.5348837209302325
0000327_01401_d_0000718.jpg,0000327,1360,765,47,39.0,0.04305410215081106,0.5957446808510638
0000327_01801_d_0000720.jpg,0000327,1360,765,27,43.0,0.03268637595994467,0.5925925925925926
0000327_02601_d_0000724.jpg,0000327,1360,765,25,43.0,0.04627162773510827,0.52
0000327_02801_d_0000725.jpg,0000327,1360,765,31,54.0,0.02769607843137256,0.7096774193548387
0000327_03001_d_0000726.jpg,0000327,1360,765,37,40.0,0.03005228584927516,0.6216216216216216
0000327_03201_d_0000727.jpg,0000327,1360,765,61,25.0,0.01876138817158779,0.7540983606557377
0000327_03401_d_0000728.jpg,0000327,1360,765,34,34.0,0.04495554172698517,0.6176470588235294
0000327_03601_d_0000729.jpg,0000327,1360,765,40,25.5,0.019902029374944164,0.55
0000327_03801_d_0000730.jpg,0000327,1360,765,52,34.0,0.03182448618056513,0.5
0000327_04001_d_0000731.jpg,0000327,1360,765,58,36.0,0.02180882909968195,0.603448275862069
0000327_04201_d_0000732.jpg,0000327,1360,765,40,48.5,0.03438198083874464,0.575
0000330_00001_d_0000800.jpg,0000330,1360,765,53,28.0,0.03349715546520182,0.5094339622641509
0000330_00201_d_0000801.jpg,0000330,1360,765,77,19.0,0.016316977428522773,0.7012987012987013
0000330_00401_d_0000802.jpg,0000330,1360,765,60,23.0,0.01835964465216031,0.6333333333333333
0000330_00601_d_0000803.jpg,0000330,1360,765,69,19.0,0.019568357914957757,0.5942028985507246
0000330_00801_d_0000804.jpg,0000330,1360,765,58,29.0,0.01830337489629967,0.29310344827586204
0000330_01001_d_0000805.jpg,0000330,1360,765,57,31.0,0.02624523949437072,0.631578947368421
0000330_01201_d_0000806.jpg,0000330,1360,765,60,38.0,0.02499412959817468,0.6333333333333333
0000330_01401_d_0000807.jpg,0000330,1360,765,64,48.0,0.039012496617695534,0.640625
0000330_01601_d_0000808.jpg,0000330,1360,765,51,32.0,0.030289309607101664,0.21568627450980393
0000330_01801_d_0000809.jpg,0000330,1360,765,21,64.0,0.08317684629460034,0.38095238095238093
0000330_02001_d_0000810.jpg,0000330,1360,765,34,38.5,0.06358754441420669,0.3235294117647059
0000330_02201_d_0000811.jpg,0000330,1360,765,19,45.0,0.08547751901333339,0.42105263157894735
0000330_02801_d_0000814.jpg,0000330,1360,765,17,44.0,0.06087911645592167,0.29411764705882354
0000330_03001_d_0000815.jpg,0000330,1360,765,20,39.0,0.05981033543159014,0.55
0000330_03201_d_0000816.jpg,0000330,1360,765,30,64.5,0.076233419210948,0.4666666666666667
0000330_04001_d_0000820.jpg,0000330,1360,765,8,133.0,0.20328877063542025,0.125
0000330_04201_d_0000821.jpg,0000330,1360,765,33,54.0,0.03471068628052489,0.6666666666666666
0000330_04401_d_0000822.jpg,0000330,1360,765,14,61.0,0.08417316778660375,0.2857142857142857
0000330_04601_d_0000823.jpg,0000330,1360,765,27,37.0,0.03917694505220378,0.48148148148148145
0000333_00001_d_0000001.jpg,0000333,1360,765,37,57.0,0.06996942090669951,0.2702702702702703
0000333_01765_d_0000010.jpg,0000333,1360,765,47,49.0,0.04443530113682515,0.23404255319148937
0000333_01961_d_0000011.jpg,0000333,1360,765,46,48.0,0.053033223169766476,0.2826086956521739
0000333_02157_d_0000012.jpg,0000333,1360,765,45,49.0,0.0663837354769607,0.15555555555555556
0000333_02353_d_0000013.jpg,0000333,1360,765,36,48.0,0.06759128322947354,0.25
0000333_02549_d_0000014.jpg,0000333,1360,765,39,49.0,0.05893815141984943,0.3076923076923077
0000333_02745_d_0000015.jpg,0000333,1360,765,26,48.5,0.07850232739862927,0.46153846153846156
0000333_02941_d_0000016.jpg,0000333,1360,765,25,49.0,0.09335630451432422,0.4
0000333_03137_d_0000017.jpg,0000333,1360,765,23,48.0,0.07578040480946528,0.43478260869565216
0000333_03333_d_0000018.jpg,0000333,1360,765,43,48.0,0.05644190639567248,0.5116279069767442
0000333_03529_d_0000019.jpg,0000333,1360,765,47,49.0,0.05825759211982723,0.46808510638297873
0000333_03725_d_0000020.jpg,0000333,1360,765,51,49.0,0.05716866157082463,0.0196078431372549
0000335_00001_d_0000043.jpg,0000335,1360,765,17,82.0,0.08672453927918695,0.35294117647058826
0000335_00197_d_0000044.jpg,0000335,1360,765,11,119.0,0.1258916744766267,0.36363636363636365
0000335_00393_d_0000045.jpg,0000335,1360,765,11,110.0,0.15294294399431135,0.36363636363636365
0000335_00589_d_0000046.jpg,0000335,1360,765,11,53.0,0.12551658203375507,0.36363636363636365
0000335_00785_d_0000047.jpg,0000335,1360,765,15,28.0,0.07351970932718666,0.13333333333333333
0000335_00981_d_0000048.jpg,0000335,1360,765,49,12.0,0.014821227476423811,0.4897959183673469
0000335_01765_d_0000052.jpg,0000335,1360,765,33,32.0,0.04008335544753618,0.24242424242424243
0000335_01961_d_0000053.jpg,0000335,1360,765,30,29.0,0.039884533974259805,0.3
0000335_02353_d_0000055.jpg,0000335,1360,765,40,18.5,0.026391923984184964,0.45
0000335_02549_d_0000056.jpg,0000335,1360,765,43,19.0,0.025893537764514207,0.3488372093023256
0000335_02745_d_0000057.jpg,0000335,1360,765,36,26.0,0.03045280012222785,0.4444444444444444
0000335_03137_d_0000059.jpg,0000335,1360,765,52,16.0,0.019360598498875992,0.4230769230769231
0000335_03333_d_0000060.jpg,0000335,1360,765,15,54.0,0.05580489988532437,0.26666666666666666
0000335_03725_d_0000062.jpg,0000335,1360,765,17,83.0,0.12878901733309864,0.17647058823529413
0000335_03921_d_0000063.jpg,0000335,1360,765,26,76.5,0.07774108165192187,0.38461538461538464
0000335_04117_d_0000064.jpg,0000335,1360,765,19,90.0,0.07632443061792422,0.42105263157894735
0000335_04313_d_0000065.jpg,0000335,1360,765,23,55.0,0.05023074878795398,0.5217391304347826
0000335_05097_d_0000069.jpg,0000335,1360,765,12,78.0,0.1731887799314621,0.5
0000335_05685_d_0000072.jpg,0000335,1360,765,10,117.0,0.19975214757180082,0.3
0000335_06469_d_0000076.jpg,0000335,1360,765,4,103.0,0.22792781367601062,0.5
0000335_06665_d_0000077.jpg,0000335,1360,765,11,63.0,0.09539203406174719,0.09090909090909091
0000335_06861_d_0000078.jpg,0000335,1360,765,9,117.0,0.12478871138533941,0.3333333333333333
0000342_00393_d_0000244.jpg,0000342,1360,765,61,28.0,0.023555247764178423,0.6229508196721312
0000345_07057_d_0000345.jpg,0000345,1360,765,19,51.0,0.04757443857663853,0.3157894736842105
0000346_00001_d_0000346.jpg,0000346,1360,765,50,55.0,0.03098502217072784,0.68
0000346_01961_d_0000356.jpg,0000346,1360,765,44,40.0,0.04020809076159954,0.5454545454545454
0000346_02549_d_0000359.jpg,0000346,1360,765,31,63.0,0.05156168991767504,0.6451612903225806
0000346_03921_d_0000366.jpg,0000346,1360,765,25,63.0,0.07020176492056536,0.4
0000346_07057_d_0000382.jpg,0000346,1360,765,42,36.0,0.02722947736580951,0.7380952380952381
0000348_00589_d_0000409.jpg,0000348,1360,765,4,80.0,0.17439045034489825,0.25
0000348_03333_d_0000423.jpg,0000348,1360,765,0,,,
0000356_00589_d_0000632.jpg,0000356,1360,765,52,36.5,0.04079540921978071,0.28846153846153844
0000356_01177_d_0000635.jpg,0000356,1360,765,42,47.0,0.04346943194151466,0.42857142857142855
0000356_01569_d_0000637.jpg,0000356,1360,765,40,47.0,0.043042074831729164,0.35
0000356_01765_d_0000638.jpg,0000356,1360,765,46,47.0,0.043713044234346375,0.34782608695652173
0000356_01961_d_0000639.jpg,0000356,1360,765,39,43.0,0.05097260131939852,0.3076923076923077
0000356_02157_d_0000640.jpg,0000356,1360,765,31,56.0,0.045661109820041165,0.1935483870967742
0000356_02353_d_0000641.jpg,0000356,1360,765,32,50.0,0.044180257708560745,0.4375
0000356_02745_d_0000643.jpg,0000356,1360,765,37,45.0,0.04716977052269895,0.43243243243243246
0000356_02941_d_0000644.jpg,0000356,1360,765,35,41.0,0.030162995946864782,0.6
0000356_03333_d_0000646.jpg,0000356,1360,765,31,41.0,0.04049461709710105,0.45161290322580644
0000356_03529_d_0000647.jpg,0000356,1360,765,38,55.0,0.03928387726649993,0.42105263157894735
0000356_03725_d_0000648.jpg,0000356,1360,765,35,42.0,0.04395851915131281,0.42857142857142855
0000356_03921_d_0000649.jpg,0000356,1360,765,30,35.0,0.03361311994276296,0.03333333333333333
0000356_04117_d_0000650.jpg,0000356,1360,765,22,42.5,0.04075350084386087,0.36363636363636365
0000356_04313_d_0000651.jpg,0000356,1360,765,48,35.0,0.03904435057381114,0.5208333333333334
0000356_04705_d_0000653.jpg,0000356,1360,765,37,35.0,0.03899620720375705,0.1891891891891892
0000356_04901_d_0000654.jpg,0000356,1360,765,43,34.0,0.0406294718586227,0.13953488372093023
0000356_05097_d_0000655.jpg,0000356,1360,765,37,30.0,0.0378289148040185,0.4864864864864865
0000358_03333_d_0000697.jpg,0000358,1360,765,56,22.0,0.028651812857693457,0.44642857142857145
0000359_00393_d_0000701.jpg,0000359,1360,765,12,38.0,0.03216512268376824,0.5
0000359_00589_d_0000702.jpg,0000359,1360,765,16,40.0,0.043917984489956,0.5
0000359_00785_d_0000703.jpg,0000359,1360,765,19,66.0,0.036222306103265677,0.7368421052631579
0000359_00981_d_0000704.jpg,0000359,1360,765,21,82.0,0.04104788512834962,0.6666666666666666
0000359_01177_d_0000705.jpg,0000359,1360,765,44,72.0,0.025712460043295415,0.7272727272727273
0000359_01373_d_0000706.jpg,0000359,1360,765,8,159.0,0.24084163424201066,0.375
0000359_01961_d_0000707.jpg,0000359,1360,765,15,117.0,0.08071171840500774,0.7333333333333333
0000359_02353_d_0000708.jpg,0000359,1360,765,17,28.0,0.057051903114267805,0.47058823529411764
0000359_02549_d_0000709.jpg,0000359,1360,765,12,89.5,0.1026784952237455,0.25
0000359_03333_d_0000711.jpg,0000359,1360,765,4,48.0,0.07541114961266795,0.0
0000359_03529_d_0000712.jpg,0000359,1360,765,5,116.0,0.1435542898219958,0.2
0000360_00001_d_0000713.jpg,0000360,1360,765,35,55.0,0.04682422189527641,0.6
0000360_00197_d_0000714.jpg,0000360,1360,765,29,52.0,0.05246707600246836,0.5172413793103449
0000360_00393_d_0000715.jpg,0000360,1360,765,34,52.0,0.04277996531702602,0.6470588235294118
0000360_00589_d_0000716.jpg,0000360,1360,765,27,64.0,0.054880133480089445,0.48148148148148145
0000360_00785_d_0000717.jpg,0000360,1360,765,21,48.0,0.04056798301215798,0.5714285714285714
0000360_00981_d_0000718.jpg,0000360,1360,765,26,53.5,0.044053921889432995,0.7307692307692307
0000360_02353_d_0000725.jpg,0000360,1360,765,35,62.0,0.04871809504951458,0.42857142857142855
0000360_02745_d_0000727.jpg,0000360,1360,765,39,37.0,0.02881686046373203,0.6666666666666666
0000360_02941_d_0000728.jpg,0000360,1360,765,20,96.0,0.06308280801071837,0.6
0000360_03137_d_0000729.jpg,0000360,1360,765,31,50.0,0.03256187897276117,0.6129032258064516
0000360_03333_d_0000730.jpg,0000360,1360,765,30,35.0,0.03366352642463044,0.36666666666666664
0000360_03529_d_0000731.jpg,0000360,1360,765,7,54.0,0.06872028472496125,0.14285714285714285
0000360_03921_d_0000733.jpg,0000360,1360,765,23,38.0,0.03860119043649024,0.2608695652173913
0000360_04117_d_0000734.jpg,0000360,1360,765,7,200.0,0.24666948575426312,0.14285714285714285
0000360_04705_d_0000737.jpg,0000360,1360,765,2,112.5,0.9927157654279681,0.5
0000360_05293_d_0000740.jpg,0000360,1360,765,36,27.5,0.02272550287318797,0.6388888888888888
0000360_05685_d_0000742.jpg,0000360,1360,765,34,75.0,0.03030203425905567,0.8823529411764706
0000360_06273_d_0000745.jpg,0000360,1360,765,6,37.0,0.07393985423484498,0.0
0000360_06665_d_0000747.jpg,0000360,1360,765,28,64.5,0.04200872030288181,0.7857142857142857
0000360_06861_d_0000748.jpg,0000360,1360,765,14,112.5,0.12923434454933813,0.6428571428571429
0000360_07057_d_0000749.jpg,0000360,1360,765,8,137.5,0.11764162607023906,0.5
0000360_07253_d_0000750.jpg,0000360,1360,765,13,110.0,0.07975974795231656,0.38461538461538464
0000360_07645_d_0000752.jpg,0000360,1360,765,11,113.0,0.10648593898252992,0.45454545454545453
0000364_00589_d_0000798.jpg,0000364,960,540,9,29.0,0.0324363813104801,0.7777777777777778
0000364_01177_d_0000799.jpg,0000364,960,540,11,54.0,0.07308081538262298,0.5454545454545454
0000364_01373_d_0000780.jpg,0000364,960,540,7,86.0,0.12222572946707488,0.5714285714285714
0000364_01569_d_0000781.jpg,0000364,960,540,7,34.0,0.06990762298378582,0.42857142857142855
0000364_01765_d_0000782.jpg,0000364,960,540,12,49.5,0.045951575285820764,0.8333333333333334
