candidate,short_candidate,rule_id,coordinate,threshold,stratifier,stratum,stratum_order,contract,images,valid_gt,scored_gt,tp,fp,fn,neutralized,f1,false_positives_per_image,false_negatives_per_100_scored_vehicles,confirmed_vehicles_per_100_scored_alerts
visdrone_control_asd1280,ASD,absolute_max_side,absolute,24.0,density,dense,2,A,181,10478,10478,8632,1739,1846,0,0.8280493069211953,9.607734806629834,17.617866004962778,83.23208948028156
visdrone_control_asd1280,ASD,absolute_max_side,absolute,24.0,density,dense,2,F,181,10478,7183,6493,3878,690,0,0.7397744103907942,21.425414364640883,9.606014200194904,62.60727027287629
visdrone_control_asd1280,ASD,absolute_max_side,absolute,24.0,density,dense,2,R,181,10478,7183,6493,1550,690,2328,0.8528832260606857,8.56353591160221,9.606014200194904,80.72858386174313
visdrone_control_asd1280,ASD,absolute_max_side,absolute,24.0,density,dense,2,S,181,10478,7183,6493,1338,690,2540,0.8649260690022645,7.392265193370166,9.606014200194904,82.91405950708722
visdrone_control_asd1280,ASD,absolute_max_side,absolute,24.0,density,moderate,1,A,180,4959,4959,4298,852,661,0,0.8503313878721931,4.733333333333333,13.329300262149626,83.45631067961165
visdrone_control_asd1280,ASD,absolute_max_side,absolute,24.0,density,moderate,1,F,180,4959,3991,3612,1538,379,0,0.7902855267476206,8.544444444444444,9.496366825357054,70.13592233009709
visdrone_control_asd1280,ASD,absolute_max_side,absolute,24.0,density,moderate,1,R,180,4959,3991,3612,829,379,709,0.8567362428842504,4.605555555555555,9.496366825357054,81.33303310065301
visdrone_control_asd1280,ASD,absolute_max_side,absolute,24.0,density,moderate,1,S,180,4959,3991,3612,595,379,943,0.8811905342766528,3.3055555555555554,9.496366825357054,85.85690515806988
visdrone_control_asd1280,ASD,absolute_max_side,absolute,24.0,density,sparse,0,A,187,1603,1603,1366,286,237,0,0.8393241167434716,1.5294117647058822,14.784778540237056,82.68765133171912
visdrone_control_asd1280,ASD,absolute_max_side,absolute,24.0,density,sparse,0,F,187,1603,1322,1167,485,155,0,0.784801613987895,2.593582887700535,11.724659606656582,70.64164648910412
visdrone_control_asd1280,ASD,absolute_max_side,absolute,24.0,density,sparse,0,R,187,1603,1322,1167,279,155,206,0.8432080924855492,1.4919786096256684,11.724659606656582,80.70539419087137
visdrone_control_asd1280,ASD,absolute_max_side,absolute,24.0,density,sparse,0,S,187,1603,1322,1167,220,155,265,0.8615725359911407,1.1764705882352942,11.724659606656582,84.13842826243692
visdrone_control_asd1280,ASD,absolute_max_side,absolute,24.0,nearest_neighbor,crowded,0,A,170,8657,8657,6717,1412,1940,0,0.8003097819611581,8.305882352941177,22.40961071964884,82.63008980194365
visdrone_control_asd1280,ASD,absolute_max_side,absolute,24.0,nearest_neighbor,crowded,0,F,170,8657,5100,4471,3658,629,0,0.6759392244311739,21.51764705882353,12.333333333333334,55.00061508180588
visdrone_control_asd1280,ASD,absolute_max_side,absolute,24.0,nearest_neighbor,crowded,0,R,170,8657,5100,4471,1234,629,2424,0.8275798241554836,7.258823529411765,12.333333333333334,78.36985100788782
visdrone_control_asd1280,ASD,absolute_max_side,absolute,24.0,nearest_neighbor,crowded,0,S,170,8657,5100,4471,1022,629,2636,0.8441423581610498,6.011764705882353,12.333333333333334,81.39450209357364
visdrone_control_asd1280,ASD,absolute_max_side,absolute,24.0,nearest_neighbor,dispersed,2,A,170,2834,2834,2609,448,225,0,0.8857579358343235,2.635294117647059,7.939308398023995,85.34510958456002
visdrone_control_asd1280,ASD,absolute_max_side,absolute,24.0,nearest_neighbor,dispersed,2,F,170,2834,2665,2487,570,178,0,0.8692764767563789,3.3529411764705883,6.679174484052533,81.35426889106968
visdrone_control_asd1280,ASD,absolute_max_side,absolute,24.0,nearest_neighbor,dispersed,2,R,170,2834,2665,2487,445,178,125,0.8886903698409863,2.6176470588235294,6.679174484052533,84.82264665757162
visdrone_control_asd1280,ASD,absolute_max_side,absolute,24.0,nearest_neighbor,dispersed,2,S,170,2834,2665,2487,339,178,231,0.9058459297031506,1.9941176470588236,6.679174484052533,88.00424628450106
visdrone_control_asd1280,ASD,absolute_max_side,absolute,24.0,nearest_neighbor,intermediate,1,A,170,5540,5540,4962,1004,578,0,0.8625065183382583,5.905882352941177,10.433212996389893,83.17130405631914
visdrone_control_asd1280,ASD,absolute_max_side,absolute,24.0,nearest_neighbor,intermediate,1,F,170,5540,4723,4307,1659,416,0,0.8058751988025072,9.758823529411766,8.807961041710778,72.19242373449548
visdrone_control_asd1280,ASD,absolute_max_side,absolute,24.0,nearest_neighbor,intermediate,1,R,170,5540,4723,4307,966,416,693,0.8617446978791516,5.682352941176471,8.807961041710778,81.68025791769391
visdrone_control_asd1280,ASD,absolute_max_side,absolute,24.0,nearest_neighbor,intermediate,1,S,170,5540,4723,4307,780,416,879,0.8780835881753313,4.588235294117647,8.807961041710778,84.6667977196776
visdrone_control_asd1280,ASD,absolute_max_side,absolute,24.0,occlusion,high,2,A,172,7275,7275,5923,1262,1352,0,0.8192254495159059,7.337209302325581,18.584192439862544,82.43562978427279
visdrone_control_asd1280,ASD,absolute_max_side,absolute,24.0,occlusion,high,2,F,172,7275,5301,4666,2519,635,0,0.7473970847349031,14.645348837209303,11.978871910960196,64.94084899095337
visdrone_control_asd1280,ASD,absolute_max_side,absolute,24.0,occlusion,high,2,R,172,7275,5301,4666,1153,635,1366,0.8392086330935252,6.703488372093023,11.978871910960196,80.18559890015466
visdrone_control_asd1280,ASD,absolute_max_side,absolute,24.0,occlusion,high,2,S,172,7275,5301,4666,991,635,1528,0.8516152582588064,5.761627906976744,11.978871910960196,82.48188085557716
visdrone_control_asd1280,ASD,absolute_max_side,absolute,24.0,occlusion,low,0,A,181,4259,4259,3806,647,453,0,0.8737373737373737,3.574585635359116,10.63629960084527,85.47046934650797
visdrone_control_asd1280,ASD,absolute_max_side,absolute,24.0,occlusion,low,0,F,181,4259,3286,3091,1362,195,0,0.7988112159193694,7.524861878453039,5.934266585514303,69.41387828430271
visdrone_control_asd1280,ASD,absolute_max_side,absolute,24.0,occlusion,low,0,R,181,4259,3286,3091,622,195,740,0.883269038434062,3.43646408839779,5.934266585514303,83.24804740102343
visdrone_control_asd1280,ASD,absolute_max_side,absolute,24.0,occlusion,low,0,S,181,4259,3286,3091,497,195,865,0.899330811754437,2.74585635359116,5.934266585514303,86.14827201783723
visdrone_control_asd1280,ASD,absolute_max_side,absolute,24.0,occlusion,middle,1,A,166,5506,5506,4567,963,939,0,0.8276549474447263,5.801204819277109,17.054122775154376,82.58589511754069
visdrone_control_asd1280,ASD,absolute_max_side,absolute,24.0,occlusion,middle,1,F,166,5506,3909,3515,2015,394,0,0.7447822862591377,12.13855421686747,10.079304169864415,63.5623869801085
visdrone_control_asd1280,ASD,absolute_max_side,absolute,24.0,occlusion,middle,1,R,166,5506,3909,3515,878,394,1137,0.8467839074921706,5.289156626506024,10.079304169864415,80.01365809241976
visdrone_control_asd1280,ASD,absolute_max_side,absolute,24.0,occlusion,middle,1,S,166,5506,3909,3515,661,394,1354,0.8695114409400123,3.9819277108433737,10.079304169864415,84.17145593869732
visdrone_control_asd1280,ASD,absolute_max_side,absolute,24.0,target_size,large,2,A,168,3689,3689,3431,603,258,0,0.888514825844879,3.5892857142857144,6.9937652480346975,85.05205751115518
visdrone_control_asd1280,ASD,absolute_max_side,absolute,24.0,target_size,large,2,F,168,3689,3618,3379,655,239,0,0.8831677992681651,3.8988095238095237,6.605859590934218,83.76301437778879
visdrone_control_asd1280,ASD,absolute_max_side,absolute,24.0,target_size,large,2,R,168,3689,3618,3379,596,239,59,0.890030291057553,3.5476190476190474,6.605859590934218,85.00628930817611
visdrone_control_asd1280,ASD,absolute_max_side,absolute,24.0,target_size,large,2,S,168,3689,3618,3379,521,239,134,0.8989092843841447,3.1011904761904763,6.605859590934218,86.64102564102564
visdrone_control_asd1280,ASD,absolute_max_side,absolute,24.0,target_size,medium,1,A,173,5926,5926,5229,1096,697,0,0.8536446004407804,6.335260115606936,11.76172797840027,82.67193675889328
visdrone_control_asd1280,ASD,absolute_max_side,absolute,24.0,target_size,medium,1,F,173,5926,5037,4551,1774,486,0,0.8010913571554303,10.254335260115607,9.64860035735557,71.95256916996047
visdrone_control_asd1280,ASD,absolute_max_side,absolute,24.0,target_size,medium,1,R,173,5926,5037,4551,1068,486,706,0.8541666666666666,6.173410404624278,9.64860035735557,80.99305926321409
visdrone_control_asd1280,ASD,absolute_max_side,absolute,24.0,target_size,medium,1,S,173,5926,5037,4551,866,486,908,0.8706715132963458,5.005780346820809,9.64860035735557,84.01329148975448
visdrone_control_asd1280,ASD,absolute_max_side,absolute,24.0,target_size,small,0,A,178,7425,7425,5636,1173,1789,0,0.7919067022621892,6.589887640449438,24.094276094276093,82.77280070494933
visdrone_control_asd1280,ASD,absolute_max_side,absolute,24.0,target_size,small,0,F,178,7425,3841,3342,3467,499,0,0.6276056338028169,19.47752808988764,12.99140848737308,49.08209722426201
visdrone_control_asd1280,ASD,absolute_max_side,absolute,24.0,target_size,small,0,R,178,7425,3841,3342,989,499,2478,0.8179148311306902,5.556179775280899,12.99140848737308,77.16462710690372
visdrone_control_asd1280,ASD,absolute_max_side,absolute,24.0,target_size,small,0,S,178,7425,3841,3342,762,499,2705,0.8412838263058527,4.280898876404494,12.99140848737308,81.4327485380117
visdrone_control_asd1280,ASD,normalized_max_side,normalized,0.015,density,dense,2,A,181,10478,10478,8632,1739,1846,0,0.8280493069211953,9.607734806629834,17.617866004962778,83.23208948028156
visdrone_control_asd1280,ASD,normalized_max_side,normalized,0.015,density,dense,2,F,181,10478,9080,8028,2343,1052,0,0.8254588453035834,12.94475138121547,11.58590308370044,77.40815736187446
visdrone_control_asd1280,ASD,normalized_max_side,normalized,0.015,density,dense,2,R,181,10478,9080,8028,1729,1052,614,0.8523650262780698,9.552486187845304,11.58590308370044,82.27938915650303
visdrone_control_asd1280,ASD,normalized_max_side,normalized,0.015,density,dense,2,S,181,10478,9080,8028,1517,1052,826,0.8620671140939598,8.38121546961326,11.58590308370044,84.10686223153483
visdrone_control_asd1280,ASD,normalized_max_side,normalized,0.015,density,moderate,1,A,180,4959,4959,4298,852,661,0,0.8503313878721931,4.733333333333333,13.329300262149626,83.45631067961165
visdrone_control_asd1280,ASD,normalized_max_side,normalized,0.015,density,moderate,1,F,180,4959,4688,4176,974,512,0,0.848953039235617,5.411111111111111,10.921501706484642,81.0873786407767
visdrone_control_asd1280,ASD,normalized_max_side,normalized,0.015,density,moderate,1,R,180,4959,4688,4176,858,512,116,0.8590824933141329,4.766666666666667,10.921501706484642,82.95589988081049
visdrone_control_asd1280,ASD,normalized_max_side,normalized,0.015,density,moderate,1,S,180,4959,4688,4176,624,512,350,0.8802698145025295,3.466666666666667,10.921501706484642,87.0
visdrone_control_asd1280,ASD,normalized_max_side,normalized,0.015,density,sparse,0,A,187,1603,1603,1366,286,237,0,0.8393241167434716,1.5294117647058822,14.784778540237056,82.68765133171912
visdrone_control_asd1280,ASD,normalized_max_side,normalized,0.015,density,sparse,0,F,187,1603,1529,1323,329,206,0,0.8318138950015719,1.7593582887700534,13.472858077174624,80.08474576271186
visdrone_control_asd1280,ASD,normalized_max_side,normalized,0.015,density,sparse,0,R,187,1603,1529,1323,287,206,42,0.8429436126154827,1.53475935828877,13.472858077174624,82.17391304347827
visdrone_control_asd1280,ASD,normalized_max_side,normalized,0.015,density,sparse,0,S,187,1603,1529,1323,228,206,101,0.8590909090909091,1.2192513368983957,13.472858077174624,85.29980657640232
visdrone_control_asd1280,ASD,normalized_max_side,normalized,0.015,nearest_neighbor,crowded,0,A,170,8657,8657,6717,1412,1940,0,0.8003097819611581,8.305882352941177,22.40961071964884,82.63008980194365
visdrone_control_asd1280,ASD,normalized_max_side,normalized,0.015,nearest_neighbor,crowded,0,F,170,8657,7074,6033,2096,1041,0,0.7936591462211405,12.329411764705883,14.715860899067007,74.21577069750276
visdrone_control_asd1280,ASD,normalized_max_side,normalized,0.015,nearest_neighbor,crowded,0,R,170,8657,7074,6033,1404,1041,692,0.8315071325201572,8.258823529411766,14.715860899067007,81.12141992739008
visdrone_control_asd1280,ASD,normalized_max_side,normalized,0.015,nearest_neighbor,crowded,0,S,170,8657,7074,6033,1192,1041,904,0.8438352332330932,7.011764705882353,14.715860899067007,83.50173010380622
visdrone_control_asd1280,ASD,normalized_max_side,normalized,0.015,nearest_neighbor,dispersed,2,A,170,2834,2834,2609,448,225,0,0.8857579358343235,2.635294117647059,7.939308398023995,85.34510958456002
visdrone_control_asd1280,ASD,normalized_max_side,normalized,0.015,nearest_neighbor,dispersed,2,F,170,2834,2812,2598,459,214,0,0.885329698415403,2.7,7.610241820768136,84.98527968596663
visdrone_control_asd1280,ASD,normalized_max_side,normalized,0.015,nearest_neighbor,dispersed,2,R,170,2834,2812,2598,449,214,10,0.8868407578084997,2.6411764705882352,7.610241820768136,85.26419428946505
visdrone_control_asd1280,ASD,normalized_max_side,normalized,0.015,nearest_neighbor,dispersed,2,S,170,2834,2812,2598,343,214,116,0.9031809490700504,2.0176470588235293,7.610241820768136,88.33730023801428
visdrone_control_asd1280,ASD,normalized_max_side,normalized,0.015,nearest_neighbor,intermediate,1,A,170,5540,5540,4962,1004,578,0,0.8625065183382583,5.905882352941177,10.433212996389893,83.17130405631914
visdrone_control_asd1280,ASD,normalized_max_side,normalized,0.015,nearest_neighbor,intermediate,1,F,170,5540,5402,4888,1078,514,0,0.8599577762139339,6.341176470588235,9.514994446501296,81.93094200469326
visdrone_control_asd1280,ASD,normalized_max_side,normalized,0.015,nearest_neighbor,intermediate,1,R,170,5540,5402,4888,1008,514,70,0.8652858913081961,5.929411764705883,9.514994446501296,82.90366350067842
visdrone_control_asd1280,ASD,normalized_max_side,normalized,0.015,nearest_neighbor,intermediate,1,S,170,5540,5402,4888,822,514,256,0.8797696184305256,4.8352941176470585,9.514994446501296,85.60420315236428
visdrone_control_asd1280,ASD,normalized_max_side,normalized,0.015,occlusion,high,2,A,172,7275,7275,5923,1262,1352,0,0.8192254495159059,7.337209302325581,18.584192439862544,82.43562978427279
visdrone_control_asd1280,ASD,normalized_max_side,normalized,0.015,occlusion,high,2,F,172,7275,6563,5627,1558,936,0,0.8185917951702065,9.05813953488372,14.261770531769008,78.31593597773139
visdrone_control_asd1280,ASD,normalized_max_side,normalized,0.015,occlusion,high,2,R,172,7275,6563,5627,1254,936,304,0.8371020529604284,7.290697674418604,14.261770531769008,81.77590466501962
visdrone_control_asd1280,ASD,normalized_max_side,normalized,0.015,occlusion,high,2,S,172,7275,6563,5627,1092,936,466,0.8473121517843698,6.348837209302325,14.261770531769008,83.74758148534008
visdrone_control_asd1280,ASD,normalized_max_side,normalized,0.015,occlusion,low,0,A,181,4259,4259,3806,647,453,0,0.8737373737373737,3.574585635359116,10.63629960084527,85.47046934650797
visdrone_control_asd1280,ASD,normalized_max_side,normalized,0.015,occlusion,low,0,F,181,4259,3916,3621,832,295,0,0.865336360377584,4.596685082872928,7.5331971399387125,81.31596676397935
visdrone_control_asd1280,ASD,normalized_max_side,normalized,0.015,occlusion,low,0,R,181,4259,3916,3621,654,295,178,0.8841411305090954,3.613259668508287,7.5331971399387125,84.70175438596492
visdrone_control_asd1280,ASD,normalized_max_side,normalized,0.015,occlusion,low,0,S,181,4259,3916,3621,529,295,303,0.8978427969253657,2.9226519337016574,7.5331971399387125,87.25301204819277
visdrone_control_asd1280,ASD,normalized_max_side,normalized,0.015,occlusion,middle,1,A,166,5506,5506,4567,963,939,0,0.8276549474447263,5.801204819277109,17.054122775154376,82.58589511754069
visdrone_control_asd1280,ASD,normalized_max_side,normalized,0.015,occlusion,middle,1,F,166,5506,4818,4279,1251,539,0,0.8270197139543873,7.536144578313253,11.187214611872147,77.37793851717902
visdrone_control_asd1280,ASD,normalized_max_side,normalized,0.015,occlusion,middle,1,R,166,5506,4818,4279,961,539,290,0.8508649830980314,5.789156626506024,11.187214611872147,81.66030534351145
visdrone_control_asd1280,ASD,normalized_max_side,normalized,0.015,occlusion,middle,1,S,166,5506,4818,4279,744,539,507,0.8696270704196728,4.481927710843373,11.187214611872147,85.18813458092774
visdrone_control_asd1280,ASD,normalized_max_side,normalized,0.015,target_size,large,2,A,168,3689,3689,3431,603,258,0,0.888514825844879,3.5892857142857144,6.9937652480346975,85.05205751115518
visdrone_control_asd1280,ASD,normalized_max_side,normalized,0.015,target_size,large,2,F,168,3689,3680,3424,610,256,0,0.8877365828364013,3.630952380952381,6.956521739130435,84.87853247397125
visdrone_control_asd1280,ASD,normalized_max_side,normalized,0.015,target_size,large,2,R,168,3689,3680,3424,602,256,8,0.8886581884246042,3.5833333333333335,6.956521739130435,85.04719324391455
visdrone_control_asd1280,ASD,normalized_max_side,normalized,0.015,target_size,large,2,S,168,3689,3680,3424,527,256,83,0.8973922159612109,3.136904761904762,6.956521739130435,86.66160465704885
visdrone_control_asd1280,ASD,normalized_max_side,normalized,0.015,target_size,medium,1,A,173,5926,5926,5229,1096,697,0,0.8536446004407804,6.335260115606936,11.76172797840027,82.67193675889328
visdrone_control_asd1280,ASD,normalized_max_side,normalized,0.015,target_size,medium,1,F,173,5926,5746,5137,1188,609,0,0.8511308093778477,6.867052023121388,10.598677340758789,81.21739130434783
visdrone_control_asd1280,ASD,normalized_max_side,normalized,0.015,target_size,medium,1,R,173,5926,5746,5137,1095,609,93,0.8577391885122725,6.329479768786127,10.598677340758789,82.42939666238767
visdrone_control_asd1280,ASD,normalized_max_side,normalized,0.015,target_size,medium,1,S,173,5926,5746,5137,893,609,295,0.872452445652174,5.161849710982659,10.598677340758789,85.19071310116087
visdrone_control_asd1280,ASD,normalized_max_side,normalized,0.015,target_size,small,0,A,178,7425,7425,5636,1173,1789,0,0.7919067022621892,6.589887640449438,24.094276094276093,82.77280070494933
visdrone_control_asd1280,ASD,normalized_max_side,normalized,0.015,target_size,small,0,F,178,7425,5871,4966,1843,905,0,0.7832807570977918,10.353932584269662,15.41475046840402,72.93288294903803
visdrone_control_asd1280,ASD,normalized_max_side,normalized,0.015,target_size,small,0,R,178,7425,5871,4966,1172,905,671,0.8270463818802565,6.584269662921348,15.41475046840402,80.90583251873575
visdrone_control_asd1280,ASD,normalized_max_side,normalized,0.015,target_size,small,0,S,178,7425,5871,4966,945,905,898,0.84298081819725,5.308988764044944,15.41475046840402,84.0128573845373
visdrone_control_baseline1280,B-1280,absolute_max_side,absolute,24.0,density,dense,2,A,181,10478,10478,8690,2659,1788,0,0.7962615109726485,14.69060773480663,17.064325252910862,76.57062296237554
visdrone_control_baseline1280,B-1280,absolute_max_side,absolute,24.0,density,dense,2,F,181,10478,7183,6354,4995,829,0,0.6857327865314051,27.596685082872927,11.541138799944314,55.98731165741475
visdrone_control_baseline1280,B-1280,absolute_max_side,absolute,24.0,density,dense,2,R,181,10478,7183,6354,2420,829,2575,0.79639029892837,13.370165745856353,11.541138799944314,72.41850923182129
visdrone_control_baseline1280,B-1280,absolute_max_side,absolute,24.0,density,dense,2,S,181,10478,7183,6354,1906,829,3089,0.8228971054846856,10.530386740331492,11.541138799944314,76.92493946731234
visdrone_control_baseline1280,B-1280,absolute_max_side,absolute,24.0,density,moderate,1,A,180,4959,4959,4165,1218,794,0,0.8054534906207697,6.766666666666667,16.011292599314377,77.37321196358907
visdrone_control_baseline1280,B-1280,absolute_max_side,absolute,24.0,density,moderate,1,F,180,4959,3991,3446,1937,545,0,0.7352250906763388,10.761111111111111,13.655725382109747,64.0163477614713
visdrone_control_baseline1280,B-1280,absolute_max_side,absolute,24.0,density,moderate,1,R,180,4959,3991,3446,1172,545,765,0.8005575560459983,6.511111111111111,13.655725382109747,74.62104807275877
visdrone_control_baseline1280,B-1280,absolute_max_side,absolute,24.0,density,moderate,1,S,180,4959,3991,3446,852,545,1085,0.8314633852093135,4.733333333333333,13.655725382109747,80.17682643089809
visdrone_control_baseline1280,B-1280,absolute_max_side,absolute,24.0,density,sparse,0,A,187,1603,1603,1305,475,298,0,0.7715045817321904,2.5401069518716577,18.590143480973175,73.31460674157303
visdrone_control_baseline1280,B-1280,absolute_max_side,absolute,24.0,density,sparse,0,F,187,1603,1322,1109,671,213,0,0.7150225660863959,3.588235294117647,16.11195158850227,62.30337078651685
visdrone_control_baseline1280,B-1280,absolute_max_side,absolute,24.0,density,sparse,0,R,187,1603,1322,1109,456,213,215,0.7682715621752685,2.4385026737967914,16.11195158850227,70.8626198083067
visdrone_control_baseline1280,B-1280,absolute_max_side,absolute,24.0,density,sparse,0,S,187,1603,1322,1109,353,213,318,0.7966954022988506,1.8877005347593583,16.11195158850227,75.85499316005472
visdrone_control_baseline1280,B-1280,absolute_max_side,absolute,24.0,nearest_neighbor,crowded,0,A,170,8657,8657,6876,2264,1781,0,0.7727145024442321,13.31764705882353,20.572946748296175,75.22975929978118
visdrone_control_baseline1280,B-1280,absolute_max_side,absolute,24.0,nearest_neighbor,crowded,0,F,170,8657,5100,4390,4750,710,0,0.6165730337078652,27.941176470588236,13.92156862745098,48.030634573304155
visdrone_control_baseline1280,B-1280,absolute_max_side,absolute,24.0,nearest_neighbor,crowded,0,R,170,8657,5100,4390,2025,710,2725,0.7624837168910117,11.911764705882353,13.92156862745098,68.43335931410756
visdrone_control_baseline1280,B-1280,absolute_max_side,absolute,24.0,nearest_neighbor,crowded,0,S,170,8657,5100,4390,1500,710,3250,0.7989080982711556,8.823529411764707,13.92156862745098,74.53310696095076
visdrone_control_baseline1280,B-1280,absolute_max_side,absolute,24.0,nearest_neighbor,dispersed,2,A,170,2834,2834,2520,623,314,0,0.8432323908315208,3.664705882352941,11.079745942131263,80.17817371937639
visdrone_control_baseline1280,B-1280,absolute_max_side,absolute,24.0,nearest_neighbor,dispersed,2,F,170,2834,2665,2401,742,264,0,0.8267906336088154,4.364705882352941,9.906191369606004,76.39198218262806
visdrone_control_baseline1280,B-1280,absolute_max_side,absolute,24.0,nearest_neighbor,dispersed,2,R,170,2834,2665,2401,614,264,128,0.8454225352112676,3.611764705882353,9.906191369606004,79.63515754560531
visdrone_control_baseline1280,B-1280,absolute_max_side,absolute,24.0,nearest_neighbor,dispersed,2,S,170,2834,2665,2401,489,264,253,0.8644464446444644,2.876470588235294,9.906191369606004,83.0795847750865
visdrone_control_baseline1280,B-1280,absolute_max_side,absolute,24.0,nearest_neighbor,intermediate,1,A,170,5540,5540,4759,1452,781,0,0.8099736192664454,8.541176470588235,14.097472924187725,76.6221220415392
visdrone_control_baseline1280,B-1280,absolute_max_side,absolute,24.0,nearest_neighbor,intermediate,1,F,170,5540,4723,4114,2097,609,0,0.7525150905432596,12.33529411764706,12.894346813466017,66.23732088230558
visdrone_control_baseline1280,B-1280,absolute_max_side,absolute,24.0,nearest_neighbor,intermediate,1,R,170,5540,4723,4114,1396,609,701,0.8040652789993159,8.211764705882352,12.894346813466017,74.66424682395645
visdrone_control_baseline1280,B-1280,absolute_max_side,absolute,24.0,nearest_neighbor,intermediate,1,S,170,5540,4723,4114,1109,609,988,0.8272672431128092,6.523529411764706,12.894346813466017,78.76699215010531
visdrone_control_baseline1280,B-1280,absolute_max_side,absolute,24.0,occlusion,high,2,A,172,7275,7275,5928,2014,1347,0,0.7791286061641585,11.709302325581396,18.515463917525775,74.64114832535886
visdrone_control_baseline1280,B-1280,absolute_max_side,absolute,24.0,occlusion,high,2,F,172,7275,5301,4534,3408,767,0,0.684739107452994,19.813953488372093,14.468968119222788,57.08889448501637
visdrone_control_baseline1280,B-1280,absolute_max_side,absolute,24.0,occlusion,high,2,R,172,7275,5301,4534,1852,767,1556,0.7759048515444511,10.767441860465116,14.468968119222788,70.99906044472283
visdrone_control_baseline1280,B-1280,absolute_max_side,absolute,24.0,occlusion,high,2,S,172,7275,5301,4534,1460,767,1948,0.8028331119964586,8.488372093023257,14.468968119222788,75.64230897564231
visdrone_control_baseline1280,B-1280,absolute_max_side,absolute,24.0,occlusion,low,0,A,181,4259,4259,3730,908,529,0,0.838484882544678,5.016574585635359,12.420756046020193,80.42259594652867
visdrone_control_baseline1280,B-1280,absolute_max_side,absolute,24.0,occlusion,low,0,F,181,4259,3286,2984,1654,302,0,0.7531549722362443,9.138121546961326,9.190505173463178,64.33807675722294
visdrone_control_baseline1280,B-1280,absolute_max_side,absolute,24.0,occlusion,low,0,R,181,4259,3286,2984,867,302,787,0.836205688664705,4.790055248618785,9.190505173463178,77.48636717735653
visdrone_control_baseline1280,B-1280,absolute_max_side,absolute,24.0,occlusion,low,0,S,181,4259,3286,2984,700,302,954,0.8562410329985652,3.867403314917127,9.190505173463178,80.99891422366993
visdrone_control_baseline1280,B-1280,absolute_max_side,absolute,24.0,occlusion,middle,1,A,166,5506,5506,4502,1424,1004,0,0.7876137158852344,8.578313253012048,18.23465310570287,75.97030037124536
visdrone_control_baseline1280,B-1280,absolute_max_side,absolute,24.0,occlusion,middle,1,F,166,5506,3909,3391,2535,518,0,0.6895780376207422,15.271084337349398,13.251470964441033,57.2224097198785
visdrone_control_baseline1280,B-1280,absolute_max_side,absolute,24.0,occlusion,middle,1,R,166,5506,3909,3391,1323,518,1212,0.7865012176736634,7.969879518072289,13.251470964441033,71.93466270683072
visdrone_control_baseline1280,B-1280,absolute_max_side,absolute,24.0,occlusion,middle,1,S,166,5506,3909,3391,945,518,1590,0.8225591267434809,5.692771084337349,13.251470964441033,78.20571955719558
visdrone_control_baseline1280,B-1280,absolute_max_side,absolute,24.0,target_size,large,2,A,168,3689,3689,3295,876,394,0,0.8384223918575063,5.214285714285714,10.68040119273516,78.99784224406618
visdrone_control_baseline1280,B-1280,absolute_max_side,absolute,24.0,target_size,large,2,F,168,3689,3618,3243,928,375,0,0.832712800102709,5.523809523809524,10.364842454394694,77.75113881563175
visdrone_control_baseline1280,B-1280,absolute_max_side,absolute,24.0,target_size,large,2,R,168,3689,3618,3243,876,375,52,0.8383094222566886,5.214285714285714,10.364842454394694,78.73270211216315
visdrone_control_baseline1280,B-1280,absolute_max_side,absolute,24.0,target_size,large,2,S,168,3689,3618,3243,788,375,140,0.8479539809125376,4.690476190476191,10.364842454394694,80.4515008682709
visdrone_control_baseline1280,B-1280,absolute_max_side,absolute,24.0,target_size,medium,1,A,173,5926,5926,5116,1572,810,0,0.8111622007293483,9.086705202312139,13.668579142760715,76.49521531100478
visdrone_control_baseline1280,B-1280,absolute_max_side,absolute,24.0,target_size,medium,1,F,173,5926,5037,4425,2263,612,0,0.7547974413646056,13.080924855491329,12.150089338892197,66.16327751196172
visdrone_control_baseline1280,B-1280,absolute_max_side,absolute,24.0,target_size,medium,1,R,173,5926,5037,4425,1504,612,759,0.8070399416377896,8.693641618497109,12.150089338892197,74.63315904874347
visdrone_control_baseline1280,B-1280,absolute_max_side,absolute,24.0,target_size,medium,1,S,173,5926,5037,4425,1186,612,1077,0.8311419984973704,6.855491329479769,12.150089338892197,78.86294778114419
visdrone_control_baseline1280,B-1280,absolute_max_side,absolute,24.0,target_size,small,0,A,178,7425,7425,5749,1898,1676,0,0.7628715498938429,10.662921348314606,22.57239057239057,75.17980907545443
visdrone_control_baseline1280,B-1280,absolute_max_side,absolute,24.0,target_size,small,0,F,178,7425,3841,3241,4406,600,0,0.5642409470752089,24.752808988764045,15.620932048945587,42.38263371256702
visdrone_control_baseline1280,B-1280,absolute_max_side,absolute,24.0,target_size,small,0,R,178,7425,3841,3241,1662,600,2744,0.7413083257090577,9.337078651685394,15.620932048945587,66.10238629410566
visdrone_control_baseline1280,B-1280,absolute_max_side,absolute,24.0,target_size,small,0,S,178,7425,3841,3241,1131,600,3275,0.7892365761597467,6.353932584269663,15.620932048945587,74.13083257090577
visdrone_control_baseline1280,B-1280,normalized_max_side,normalized,0.015,density,dense,2,A,181,10478,10478,8690,2659,1788,0,0.7962615109726485,14.69060773480663,17.064325252910862,76.57062296237554
visdrone_control_baseline1280,B-1280,normalized_max_side,normalized,0.015,density,dense,2,F,181,10478,9080,7870,3479,1210,0,0.770473346713006,19.22099447513812,13.325991189427313,69.34531676799718
visdrone_control_baseline1280,B-1280,normalized_max_side,normalized,0.015,density,dense,2,R,181,10478,9080,7870,2625,1210,854,0.8040868454661558,14.502762430939226,13.325991189427313,74.98808956646022
visdrone_control_baseline1280,B-1280,normalized_max_side,normalized,0.015,density,dense,2,S,181,10478,9080,7870,2110,1210,1369,0.825813221406086,11.657458563535911,13.325991189427313,78.85771543086172
visdrone_control_baseline1280,B-1280,normalized_max_side,normalized,0.015,density,moderate,1,A,180,4959,4959,4165,1218,794,0,0.8054534906207697,6.766666666666667,16.011292599314377,77.37321196358907
visdrone_control_baseline1280,B-1280,normalized_max_side,normalized,0.015,density,moderate,1,F,180,4959,4688,4006,1377,682,0,0.7955515837553371,7.65,14.54778156996587,74.41946869775218
visdrone_control_baseline1280,B-1280,normalized_max_side,normalized,0.015,density,moderate,1,R,180,4959,4688,4006,1210,682,167,0.8089660743134087,6.722222222222222,14.54778156996587,76.8021472392638
visdrone_control_baseline1280,B-1280,normalized_max_side,normalized,0.015,density,moderate,1,S,180,4959,4688,4006,890,682,487,0.8359766277128547,4.944444444444445,14.54778156996587,81.8218954248366
visdrone_control_baseline1280,B-1280,normalized_max_side,normalized,0.015,density,sparse,0,A,187,1603,1603,1305,475,298,0,0.7715045817321904,2.5401069518716577,18.590143480973175,73.31460674157303
visdrone_control_baseline1280,B-1280,normalized_max_side,normalized,0.015,density,sparse,0,F,187,1603,1529,1266,514,263,0,0.7651858567543064,2.748663101604278,17.200784826684107,71.12359550561797
visdrone_control_baseline1280,B-1280,normalized_max_side,normalized,0.015,density,sparse,0,R,187,1603,1529,1266,473,263,41,0.7747858017135862,2.5294117647058822,17.200784826684107,72.80046003450259
visdrone_control_baseline1280,B-1280,normalized_max_side,normalized,0.015,density,sparse,0,S,187,1603,1529,1266,370,263,144,0.8,1.9786096256684491,17.200784826684107,77.38386308068459
visdrone_control_baseline1280,B-1280,normalized_max_side,normalized,0.015,nearest_neighbor,crowded,0,A,170,8657,8657,6876,2264,1781,0,0.7727145024442321,13.31764705882353,20.572946748296175,75.22975929978118
visdrone_control_baseline1280,B-1280,normalized_max_side,normalized,0.015,nearest_neighbor,crowded,0,F,170,8657,7074,5949,3191,1125,0,0.7338102874059454,18.770588235294117,15.903307888040713,65.0875273522976
visdrone_control_baseline1280,B-1280,normalized_max_side,normalized,0.015,nearest_neighbor,crowded,0,R,170,8657,7074,5949,2220,1125,971,0.7805550088565243,13.058823529411764,15.903307888040713,72.8240910760191
visdrone_control_baseline1280,B-1280,normalized_max_side,normalized,0.015,nearest_neighbor,crowded,0,S,170,8657,7074,5949,1694,1125,1497,0.8084528096758851,9.964705882352941,15.903307888040713,77.8359283004056
visdrone_control_baseline1280,B-1280,normalized_max_side,normalized,0.015,nearest_neighbor,dispersed,2,A,170,2834,2834,2520,623,314,0,0.8432323908315208,3.664705882352941,11.079745942131263,80.17817371937639
visdrone_control_baseline1280,B-1280,normalized_max_side,normalized,0.015,nearest_neighbor,dispersed,2,F,170,2834,2812,2509,634,303,0,0.8426532325776658,3.7294117647058824,10.77524893314367,79.8281896277442
visdrone_control_baseline1280,B-1280,normalized_max_side,normalized,0.015,nearest_neighbor,dispersed,2,R,170,2834,2812,2509,623,303,11,0.8442126514131898,3.664705882352941,10.77524893314367,80.10855683269476
visdrone_control_baseline1280,B-1280,normalized_max_side,normalized,0.015,nearest_neighbor,dispersed,2,S,170,2834,2812,2509,498,303,136,0.8623474823852896,2.929411764705882,10.77524893314367,83.43864316594613
visdrone_control_baseline1280,B-1280,normalized_max_side,normalized,0.015,nearest_neighbor,intermediate,1,A,170,5540,5540,4759,1452,781,0,0.8099736192664454,8.541176470588235,14.097472924187725,76.6221220415392
visdrone_control_baseline1280,B-1280,normalized_max_side,normalized,0.015,nearest_neighbor,intermediate,1,F,170,5540,5402,4679,1532,723,0,0.805821062602256,9.011764705882353,13.383931877082562,75.33408468845596
visdrone_control_baseline1280,B-1280,normalized_max_side,normalized,0.015,nearest_neighbor,intermediate,1,R,170,5540,5402,4679,1452,723,80,0.8114107344142895,8.541176470588235,13.383931877082562,76.31707714891535
visdrone_control_baseline1280,B-1280,normalized_max_side,normalized,0.015,nearest_neighbor,intermediate,1,S,170,5540,5402,4679,1165,723,367,0.8321180864307309,6.852941176470588,13.383931877082562,80.06502395619438
visdrone_control_baseline1280,B-1280,normalized_max_side,normalized,0.015,occlusion,high,2,A,172,7275,7275,5928,2014,1347,0,0.7791286061641585,11.709302325581396,18.515463917525775,74.64114832535886
visdrone_control_baseline1280,B-1280,normalized_max_side,normalized,0.015,occlusion,high,2,F,172,7275,6563,5508,2434,1055,0,0.7594622543950362,14.151162790697674,16.07496571689776,69.35280785696298
visdrone_control_baseline1280,B-1280,normalized_max_side,normalized,0.015,occlusion,high,2,R,172,7275,6563,5508,2004,1055,430,0.7826642984014209,11.651162790697674,16.07496571689776,73.3226837060703
visdrone_control_baseline1280,B-1280,normalized_max_side,normalized,0.015,occlusion,high,2,S,172,7275,6563,5508,1612,1055,822,0.8050866038149529,9.372093023255815,16.07496571689776,77.35955056179775
visdrone_control_baseline1280,B-1280,normalized_max_side,normalized,0.015,occlusion,low,0,A,181,4259,4259,3730,908,529,0,0.838484882544678,5.016574585635359,12.420756046020193,80.42259594652867
visdrone_control_baseline1280,B-1280,normalized_max_side,normalized,0.015,occlusion,low,0,F,181,4259,3916,3506,1132,410,0,0.8197334580313304,6.254143646408839,10.469867211440246,75.59292798620095
visdrone_control_baseline1280,B-1280,normalized_max_side,normalized,0.015,occlusion,low,0,R,181,4259,3916,3506,900,410,232,0.8425859168469118,4.972375690607735,10.469867211440246,79.57330912392193
visdrone_control_baseline1280,B-1280,normalized_max_side,normalized,0.015,occlusion,low,0,S,181,4259,3916,3506,733,410,399,0.8598405885959534,4.0497237569060776,10.469867211440246,82.70818589289927
visdrone_control_baseline1280,B-1280,normalized_max_side,normalized,0.015,occlusion,middle,1,A,166,5506,5506,4502,1424,1004,0,0.7876137158852344,8.578313253012048,18.23465310570287,75.97030037124536
visdrone_control_baseline1280,B-1280,normalized_max_side,normalized,0.015,occlusion,middle,1,F,166,5506,4818,4128,1798,690,0,0.7684288905435592,10.831325301204819,14.321295143212952,69.65912926088424
visdrone_control_baseline1280,B-1280,normalized_max_side,normalized,0.015,occlusion,middle,1,R,166,5506,4818,4128,1398,690,400,0.7981438515081206,8.421686746987952,14.321295143212952,74.7014115092291
visdrone_control_baseline1280,B-1280,normalized_max_side,normalized,0.015,occlusion,middle,1,S,166,5506,4818,4128,1019,690,779,0.8284997491219267,6.13855421686747,14.321295143212952,80.20205945210802
visdrone_control_baseline1280,B-1280,normalized_max_side,normalized,0.015,target_size,large,2,A,168,3689,3689,3295,876,394,0,0.8384223918575063,5.214285714285714,10.68040119273516,78.99784224406618
visdrone_control_baseline1280,B-1280,normalized_max_side,normalized,0.015,target_size,large,2,F,168,3689,3680,3288,883,392,0,0.8376003056935423,5.255952380952381,10.652173913043478,78.83001678254615
visdrone_control_baseline1280,B-1280,normalized_max_side,normalized,0.015,target_size,large,2,R,168,3689,3680,3288,877,392,6,0.8382409177820268,5.220238095238095,10.652173913043478,78.94357743097238
visdrone_control_baseline1280,B-1280,normalized_max_side,normalized,0.015,target_size,large,2,S,168,3689,3680,3288,789,392,94,0.8477504189764085,4.696428571428571,10.652173913043478,80.64753495217072
visdrone_control_baseline1280,B-1280,normalized_max_side,normalized,0.015,target_size,medium,1,A,173,5926,5926,5116,1572,810,0,0.8111622007293483,9.086705202312139,13.668579142760715,76.49521531100478
visdrone_control_baseline1280,B-1280,normalized_max_side,normalized,0.015,target_size,medium,1,F,173,5926,5746,5003,1685,743,0,0.8047289689560881,9.739884393063583,12.930734423947094,74.80562200956938
visdrone_control_baseline1280,B-1280,normalized_max_side,normalized,0.015,target_size,medium,1,R,173,5926,5746,5003,1567,743,118,0.8124391036050665,9.057803468208093,12.930734423947094,76.14916286149163
visdrone_control_baseline1280,B-1280,normalized_max_side,normalized,0.015,target_size,medium,1,S,173,5926,5746,5003,1249,743,436,0.8339723287214535,7.219653179190751,12.930734423947094,80.02239283429303
visdrone_control_baseline1280,B-1280,normalized_max_side,normalized,0.015,target_size,small,0,A,178,7425,7425,5749,1898,1676,0,0.7628715498938429,10.662921348314606,22.57239057239057,75.17980907545443
visdrone_control_baseline1280,B-1280,normalized_max_side,normalized,0.015,target_size,small,0,F,178,7425,5871,4851,2796,1020,0,0.7177097203728362,15.707865168539326,17.373530914665302,63.4366418203217
visdrone_control_baseline1280,B-1280,normalized_max_side,normalized,0.015,target_size,small,0,R,178,7425,5871,4851,1858,1020,938,0.7712241653418124,10.438202247191011,17.373530914665302,72.30585780295127
visdrone_control_baseline1280,B-1280,normalized_max_side,normalized,0.015,target_size,small,0,S,178,7425,5871,4851,1326,1020,1470,0.8052788844621513,7.449438202247191,17.373530914665302,78.53326857697911
visdrone_control_baseline640,B-640,absolute_max_side,absolute,24.0,density,dense,2,A,181,10478,10478,7495,1797,2983,0,0.7582195245321194,9.92817679558011,28.46917350639435,80.6607834696513
visdrone_control_baseline640,B-640,absolute_max_side,absolute,24.0,density,dense,2,F,181,10478,7183,5924,3368,1259,0,0.7191502276176024,18.607734806629836,17.527495475428093,63.753766681015925
visdrone_control_baseline640,B-640,absolute_max_side,absolute,24.0,density,dense,2,R,181,10478,7183,5924,1745,1259,1623,0.7977376784271478,9.640883977900552,17.527495475428093,77.24605554831139
visdrone_control_baseline640,B-640,absolute_max_side,absolute,24.0,density,dense,2,S,181,10478,7183,5924,1641,1259,1727,0.8033631678871711,9.066298342541437,17.527495475428093,78.30799735624586
visdrone_control_baseline640,B-640,absolute_max_side,absolute,24.0,density,moderate,1,A,180,4959,4959,3804,820,1155,0,0.7939058749869561,4.555555555555555,23.290986085904414,82.26643598615917
visdrone_control_baseline640,B-640,absolute_max_side,absolute,24.0,density,moderate,1,F,180,4959,3991,3279,1345,712,0,0.7612304120719675,7.472222222222222,17.840140315710347,70.91262975778547
visdrone_control_baseline640,B-640,absolute_max_side,absolute,24.0,density,moderate,1,R,180,4959,3991,3279,814,712,531,0.8112320633349827,4.522222222222222,17.840140315710347,80.11238700219887
visdrone_control_baseline640,B-640,absolute_max_side,absolute,24.0,density,moderate,1,S,180,4959,3991,3279,672,712,673,0.8257365902795266,3.7333333333333334,17.840140315710347,82.9916476841306
visdrone_control_baseline640,B-640,absolute_max_side,absolute,24.0,density,sparse,0,A,187,1603,1603,1233,283,370,0,0.7906380250080154,1.5133689839572193,23.081721771678104,81.33245382585751
visdrone_control_baseline640,B-640,absolute_max_side,absolute,24.0,density,sparse,0,F,187,1603,1322,1073,443,249,0,0.7561663143058492,2.3689839572192515,18.835098335854767,70.77836411609499
visdrone_control_baseline640,B-640,absolute_max_side,absolute,24.0,density,sparse,0,R,187,1603,1322,1073,277,249,166,0.8031437125748503,1.481283422459893,18.835098335854767,79.48148148148148
visdrone_control_baseline640,B-640,absolute_max_side,absolute,24.0,density,sparse,0,S,187,1603,1322,1073,230,249,213,0.8175238095238095,1.2299465240641712,18.835098335854767,82.34842670759785
visdrone_control_baseline640,B-640,absolute_max_side,absolute,24.0,nearest_neighbor,crowded,0,A,170,8657,8657,5629,1356,3028,0,0.7197289349188083,7.976470588235294,34.977474875823034,80.58697208303508
visdrone_control_baseline640,B-640,absolute_max_side,absolute,24.0,nearest_neighbor,crowded,0,F,170,8657,5100,4008,2977,1092,0,0.663301613570542,17.511764705882353,21.41176470588235,57.38010021474589
visdrone_control_baseline640,B-640,absolute_max_side,absolute,24.0,nearest_neighbor,crowded,0,R,170,8657,5100,4008,1321,1092,1656,0.7686259468788954,7.770588235294118,21.41176470588235,75.21110902608369
visdrone_control_baseline640,B-640,absolute_max_side,absolute,24.0,nearest_neighbor,crowded,0,S,170,8657,5100,4008,1214,1092,1763,0.7765936833946909,7.141176470588236,21.41176470588235,76.75220222137112
visdrone_control_baseline640,B-640,absolute_max_side,absolute,24.0,nearest_neighbor,dispersed,2,A,170,2834,2834,2458,450,376,0,0.8561476837338906,2.6470588235294117,13.267466478475653,84.52544704264099
visdrone_control_baseline640,B-640,absolute_max_side,absolute,24.0,nearest_neighbor,dispersed,2,F,170,2834,2665,2351,557,314,0,0.8437107482504934,3.276470588235294,11.782363977485929,80.84594222833563
visdrone_control_baseline640,B-640,absolute_max_side,absolute,24.0,nearest_neighbor,dispersed,2,R,170,2834,2665,2351,445,314,112,0.8610144662149789,2.6176470588235294,11.782363977485929,84.08440629470672
visdrone_control_baseline640,B-640,absolute_max_side,absolute,24.0,nearest_neighbor,dispersed,2,S,170,2834,2665,2351,359,314,198,0.8747906976744186,2.111764705882353,11.782363977485929,86.75276752767527
visdrone_control_baseline640,B-640,absolute_max_side,absolute,24.0,nearest_neighbor,intermediate,1,A,170,5540,5540,4439,1090,1101,0,0.802059806667269,6.411764705882353,19.873646209386283,80.28576596129498
visdrone_control_baseline640,B-640,absolute_max_side,absolute,24.0,nearest_neighbor,intermediate,1,F,170,5540,4723,3912,1617,811,0,0.7631681623097932,9.511764705882353,17.171289434681345,70.75420510037982
visdrone_control_baseline640,B-640,absolute_max_side,absolute,24.0,nearest_neighbor,intermediate,1,R,170,5540,4723,3912,1066,811,551,0.8065147922894547,6.270588235294118,17.171289434681345,78.58577742065087
visdrone_control_baseline640,B-640,absolute_max_side,absolute,24.0,nearest_neighbor,intermediate,1,S,170,5540,4723,3912,966,811,651,0.8149151130090616,5.682352941176471,17.171289434681345,80.19680196801968
visdrone_control_baseline640,B-640,absolute_max_side,absolute,24.0,occlusion,high,2,A,172,7275,7275,5126,1347,2149,0,0.7457084666860634,7.8313953488372094,29.539518900343644,79.19048354704155
visdrone_control_baseline640,B-640,absolute_max_side,absolute,24.0,occlusion,high,2,F,172,7275,5301,4212,2261,1089,0,0.715474774927807,13.145348837209303,20.543293718166385,65.07029198207941
visdrone_control_baseline640,B-640,absolute_max_side,absolute,24.0,occlusion,high,2,R,172,7275,5301,4212,1321,1089,940,0.7775521506368839,7.680232558139535,20.543293718166385,76.12506777516718
visdrone_control_baseline640,B-640,absolute_max_side,absolute,24.0,occlusion,high,2,S,172,7275,5301,4212,1218,1089,1043,0.7850153760134191,7.0813953488372094,20.543293718166385,77.56906077348066
visdrone_control_baseline640,B-640,absolute_max_side,absolute,24.0,occlusion,low,0,A,181,4259,4259,3439,636,820,0,0.8252939764818814,3.5138121546961325,19.253345855834702,84.39263803680981
visdrone_control_baseline640,B-640,absolute_max_side,absolute,24.0,occlusion,low,0,F,181,4259,3286,2882,1193,404,0,0.7830457818231219,6.5911602209944755,12.294583079732197,70.7239263803681
visdrone_control_baseline640,B-640,absolute_max_side,absolute,24.0,occlusion,low,0,R,181,4259,3286,2882,622,404,571,0.8488954344624448,3.43646408839779,12.294583079732197,82.24885844748859
visdrone_control_baseline640,B-640,absolute_max_side,absolute,24.0,occlusion,low,0,S,181,4259,3286,2882,557,404,636,0.8571003717472119,3.0773480662983426,12.294583079732197,83.80343123000873
visdrone_control_baseline640,B-640,absolute_max_side,absolute,24.0,occlusion,middle,1,A,166,5506,5506,3967,916,1539,0,0.763692366926557,5.518072289156627,27.95132582637123,81.24104034405079
visdrone_control_baseline640,B-640,absolute_max_side,absolute,24.0,occlusion,middle,1,F,166,5506,3909,3182,1701,727,0,0.7238398544131028,10.24698795180723,18.598106932719364,65.16485766946549
visdrone_control_baseline640,B-640,absolute_max_side,absolute,24.0,occlusion,middle,1,R,166,5506,3909,3182,892,727,809,0.7971940373293248,5.373493975903615,18.598106932719364,78.10505645557193
visdrone_control_baseline640,B-640,absolute_max_side,absolute,24.0,occlusion,middle,1,S,166,5506,3909,3182,767,727,934,0.8098752863324001,4.620481927710843,18.598106932719364,80.57736135730565
visdrone_control_baseline640,B-640,absolute_max_side,absolute,24.0,target_size,large,2,A,168,3689,3689,3191,704,498,0,0.8415084388185654,4.190476190476191,13.499593385741393,81.92554557124518
visdrone_control_baseline640,B-640,absolute_max_side,absolute,24.0,target_size,large,2,F,168,3689,3618,3148,747,470,0,0.8380141088779449,4.446428571428571,12.99060254284135,80.82156611039795
visdrone_control_baseline640,B-640,absolute_max_side,absolute,24.0,target_size,large,2,R,168,3689,3618,3148,701,470,46,0.8431766438998259,4.1726190476190474,12.99060254284135,81.78747726682255
visdrone_control_baseline640,B-640,absolute_max_side,absolute,24.0,target_size,large,2,S,168,3689,3618,3148,642,470,105,0.8498920086393088,3.8214285714285716,12.99060254284135,83.06068601583114
visdrone_control_baseline640,B-640,absolute_max_side,absolute,24.0,target_size,medium,1,A,173,5926,5926,4690,1178,1236,0,0.7953196540613872,6.809248554913295,20.857239284508942,79.92501704158146
visdrone_control_baseline640,B-640,absolute_max_side,absolute,24.0,target_size,medium,1,F,173,5926,5037,4156,1712,881,0,0.7622191655204035,9.895953757225433,17.49056978360135,70.82481254260395
visdrone_control_baseline640,B-640,absolute_max_side,absolute,24.0,target_size,medium,1,R,173,5926,5037,4156,1158,881,554,0.8030142015264226,6.69364161849711,17.49056978360135,78.20850583364697
visdrone_control_baseline640,B-640,absolute_max_side,absolute,24.0,target_size,medium,1,S,173,5926,5037,4156,1023,881,689,0.8136256851996868,5.913294797687861,17.49056978360135,80.24715195983781
visdrone_control_baseline640,B-640,absolute_max_side,absolute,24.0,target_size,small,0,A,178,7425,7425,4651,1017,2774,0,0.7104559688383105,5.713483146067416,37.36026936026936,82.05716302046578
visdrone_control_baseline640,B-640,absolute_max_side,absolute,24.0,target_size,small,0,F,178,7425,3841,2972,2696,869,0,0.6250920180881271,15.146067415730338,22.624316584222857,52.43472124206069
visdrone_control_baseline640,B-640,absolute_max_side,absolute,24.0,target_size,small,0,R,178,7425,3841,2972,976,869,1720,0.7631274874823469,5.48314606741573,22.624316584222857,75.27862208713273
visdrone_control_baseline640,B-640,absolute_max_side,absolute,24.0,target_size,small,0,S,178,7425,3841,2972,877,869,1819,0.7729518855656697,4.926966292134831,22.624316584222857,77.21486100285789
visdrone_control_baseline640,B-640,normalized_max_side,normalized,0.015,density,dense,2,A,181,10478,10478,7495,1797,2983,0,0.7582195245321194,9.92817679558011,28.46917350639435,80.6607834696513
visdrone_control_baseline640,B-640,normalized_max_side,normalized,0.015,density,dense,2,F,181,10478,9080,7182,2110,1898,0,0.7818419333768779,11.657458563535911,20.90308370044053,77.29229444683598
visdrone_control_baseline640,B-640,normalized_max_side,normalized,0.015,density,dense,2,R,181,10478,9080,7182,1828,1898,282,0.7940298507462686,10.099447513812155,20.90308370044053,79.71143174250832
visdrone_control_baseline640,B-640,normalized_max_side,normalized,0.015,density,dense,2,S,181,10478,9080,7182,1724,1898,386,0.7986211497831647,9.524861878453038,20.90308370044053,80.64226364248822
visdrone_control_baseline640,B-640,normalized_max_side,normalized,0.015,density,moderate,1,A,180,4959,4959,3804,820,1155,0,0.7939058749869561,4.555555555555555,23.290986085904414,82.26643598615917
visdrone_control_baseline640,B-640,normalized_max_side,normalized,0.015,density,moderate,1,F,180,4959,4688,3740,884,948,0,0.8032646048109966,4.911111111111111,20.22184300341297,80.88235294117646
visdrone_control_baseline640,B-640,normalized_max_side,normalized,0.015,density,moderate,1,R,180,4959,4688,3740,829,948,55,0.8080371610673004,4.605555555555555,20.22184300341297,81.85598599255854
visdrone_control_baseline640,B-640,normalized_max_side,normalized,0.015,density,moderate,1,S,180,4959,4688,3740,687,948,197,0.8206253428414702,3.816666666666667,20.22184300341297,84.48159024169867
visdrone_control_baseline640,B-640,normalized_max_side,normalized,0.015,density,sparse,0,A,187,1603,1603,1233,283,370,0,0.7906380250080154,1.5133689839572193,23.081721771678104,81.33245382585751
visdrone_control_baseline640,B-640,normalized_max_side,normalized,0.015,density,sparse,0,F,187,1603,1529,1211,305,318,0,0.7954022988505747,1.6310160427807487,20.79790712884238,79.88126649076517
visdrone_control_baseline640,B-640,normalized_max_side,normalized,0.015,density,sparse,0,R,187,1603,1529,1211,286,318,19,0.8003965631196299,1.5294117647058822,20.79790712884238,80.89512358049433
visdrone_control_baseline640,B-640,normalized_max_side,normalized,0.015,density,sparse,0,S,187,1603,1529,1211,238,318,67,0.8132975151108126,1.2727272727272727,20.79790712884238,83.57487922705315
visdrone_control_baseline640,B-640,normalized_max_side,normalized,0.015,nearest_neighbor,crowded,0,A,170,8657,8657,5629,1356,3028,0,0.7197289349188083,7.976470588235294,34.977474875823034,80.58697208303508
visdrone_control_baseline640,B-640,normalized_max_side,normalized,0.015,nearest_neighbor,crowded,0,F,170,8657,7074,5276,1709,1798,0,0.7505512483106906,10.052941176470588,25.417020073508624,75.53328561202576
visdrone_control_baseline640,B-640,normalized_max_side,normalized,0.015,nearest_neighbor,crowded,0,R,170,8657,7074,5276,1394,1798,315,0.7677532013969732,8.2,25.417020073508624,79.10044977511244
visdrone_control_baseline640,B-640,normalized_max_side,normalized,0.015,nearest_neighbor,crowded,0,S,170,8657,7074,5276,1287,1798,422,0.7737772237295593,7.570588235294117,25.417020073508624,80.39006551881761
visdrone_control_baseline640,B-640,normalized_max_side,normalized,0.015,nearest_neighbor,dispersed,2,A,170,2834,2834,2458,450,376,0,0.8561476837338906,2.6470588235294117,13.267466478475653,84.52544704264099
visdrone_control_baseline640,B-640,normalized_max_side,normalized,0.015,nearest_neighbor,dispersed,2,F,170,2834,2812,2451,457,361,0,0.856993006993007,2.6882352941176473,12.837837837837839,84.2847317744154
visdrone_control_baseline640,B-640,normalized_max_side,normalized,0.015,nearest_neighbor,dispersed,2,R,170,2834,2812,2451,451,361,6,0.8578928946447323,2.652941176470588,12.837837837837839,84.45899379738111
visdrone_control_baseline640,B-640,normalized_max_side,normalized,0.015,nearest_neighbor,dispersed,2,S,170,2834,2812,2451,365,361,92,0.8710021321961621,2.1470588235294117,12.837837837837839,87.03835227272727
visdrone_control_baseline640,B-640,normalized_max_side,normalized,0.015,nearest_neighbor,intermediate,1,A,170,5540,5540,4439,1090,1101,0,0.802059806667269,6.411764705882353,19.873646209386283,80.28576596129498
visdrone_control_baseline640,B-640,normalized_max_side,normalized,0.015,nearest_neighbor,intermediate,1,F,170,5540,5402,4400,1129,1002,0,0.8050498582014455,6.641176470588236,18.54868567197334,79.58039428468078
visdrone_control_baseline640,B-640,normalized_max_side,normalized,0.015,nearest_neighbor,intermediate,1,R,170,5540,5402,4400,1094,1002,35,0.8076358296622613,6.435294117647059,18.54868567197334,80.08736803785948
visdrone_control_baseline640,B-640,normalized_max_side,normalized,0.015,nearest_neighbor,intermediate,1,S,170,5540,5402,4400,993,1002,136,0.8151922186197313,5.841176470588235,18.54868567197334,81.5872427220471
visdrone_control_baseline640,B-640,normalized_max_side,normalized,0.015,occlusion,high,2,A,172,7275,7275,5126,1347,2149,0,0.7457084666860634,7.8313953488372094,29.539518900343644,79.19048354704155
visdrone_control_baseline640,B-640,normalized_max_side,normalized,0.015,occlusion,high,2,F,172,7275,6563,4988,1485,1575,0,0.765265418840135,8.633720930232558,23.998171567880544,77.05855090375405
visdrone_control_baseline640,B-640,normalized_max_side,normalized,0.015,occlusion,high,2,R,172,7275,6563,4988,1356,1575,129,0.7729139226776168,7.883720930232558,23.998171567880544,78.62547288776797
visdrone_control_baseline640,B-640,normalized_max_side,normalized,0.015,occlusion,high,2,S,172,7275,6563,4988,1253,1575,232,0.7791315213995627,7.284883720930233,23.998171567880544,79.92308924851787
visdrone_control_baseline640,B-640,normalized_max_side,normalized,0.015,occlusion,low,0,A,181,4259,4259,3439,636,820,0,0.8252939764818814,3.5138121546961325,19.253345855834702,84.39263803680981
visdrone_control_baseline640,B-640,normalized_max_side,normalized,0.015,occlusion,low,0,F,181,4259,3916,3341,734,575,0,0.8361907145538731,4.05524861878453,14.683350357507662,81.9877300613497
visdrone_control_baseline640,B-640,normalized_max_side,normalized,0.015,occlusion,low,0,R,181,4259,3916,3341,648,575,86,0.8452877925363694,3.5801104972375692,14.683350357507662,83.75532714966157
visdrone_control_baseline640,B-640,normalized_max_side,normalized,0.015,occlusion,low,0,S,181,4259,3916,3341,583,575,151,0.852295918367347,3.2209944751381214,14.683350357507662,85.1427115188583
visdrone_control_baseline640,B-640,normalized_max_side,normalized,0.015,occlusion,middle,1,A,166,5506,5506,3967,916,1539,0,0.763692366926557,5.518072289156627,27.95132582637123,81.24104034405079
visdrone_control_baseline640,B-640,normalized_max_side,normalized,0.015,occlusion,middle,1,F,166,5506,4818,3804,1079,1014,0,0.7842490464900526,6.5,21.046077210460773,77.90292852754455
visdrone_control_baseline640,B-640,normalized_max_side,normalized,0.015,occlusion,middle,1,R,166,5506,4818,3804,938,1014,141,0.7958158995815899,5.650602409638554,21.046077210460773,80.21931674398988
visdrone_control_baseline640,B-640,normalized_max_side,normalized,0.015,occlusion,middle,1,S,166,5506,4818,3804,812,1014,267,0.8064447742209031,4.891566265060241,21.046077210460773,82.40901213171577
visdrone_control_baseline640,B-640,normalized_max_side,normalized,0.015,target_size,large,2,A,168,3689,3689,3191,704,498,0,0.8415084388185654,4.190476190476191,13.499593385741393,81.92554557124518
visdrone_control_baseline640,B-640,normalized_max_side,normalized,0.015,target_size,large,2,F,168,3689,3680,3187,708,493,0,0.8414521452145215,4.214285714285714,13.396739130434783,81.82284980744544
visdrone_control_baseline640,B-640,normalized_max_side,normalized,0.015,target_size,large,2,R,168,3689,3680,3187,705,493,3,0.8417855256207079,4.196428571428571,13.396739130434783,81.88591983556012
visdrone_control_baseline640,B-640,normalized_max_side,normalized,0.015,target_size,large,2,S,168,3689,3680,3187,646,493,62,0.848396113403434,3.8452380952380953,13.396739130434783,83.14636055309157
visdrone_control_baseline640,B-640,normalized_max_side,normalized,0.015,target_size,medium,1,A,173,5926,5926,4690,1178,1236,0,0.7953196540613872,6.809248554913295,20.857239284508942,79.92501704158146
visdrone_control_baseline640,B-640,normalized_max_side,normalized,0.015,target_size,medium,1,F,173,5926,5746,4651,1217,1095,0,0.8009299121749612,7.034682080924855,19.056735120083538,79.26039536468984
visdrone_control_baseline640,B-640,normalized_max_side,normalized,0.015,target_size,medium,1,R,173,5926,5746,4651,1179,1095,38,0.8035590877677954,6.815028901734104,19.056735120083538,79.77701543739279
visdrone_control_baseline640,B-640,normalized_max_side,normalized,0.015,target_size,medium,1,S,173,5926,5746,4651,1044,1095,173,0.813040818110305,6.034682080924855,19.056735120083538,81.66812993854258
visdrone_control_baseline640,B-640,normalized_max_side,normalized,0.015,target_size,small,0,A,178,7425,7425,4651,1017,2774,0,0.7104559688383105,5.713483146067416,37.36026936026936,82.05716302046578
visdrone_control_baseline640,B-640,normalized_max_side,normalized,0.015,target_size,small,0,F,178,7425,5871,4295,1373,1576,0,0.7444319265100962,7.713483146067416,26.84380855050247,75.77628793225124
visdrone_control_baseline640,B-640,normalized_max_side,normalized,0.015,target_size,small,0,R,178,7425,5871,4295,1058,1576,315,0.7653243050605845,5.943820224719101,26.84380855050247,80.23538202876891
visdrone_control_baseline640,B-640,normalized_max_side,normalized,0.015,target_size,small,0,S,178,7425,5871,4295,958,1576,415,0.7722042430780295,5.382022471910112,26.84380855050247,81.76280220826195
visdrone_control_yolo11m_hf640,Y11m,absolute_max_side,absolute,24.0,density,dense,2,A,181,10478,10478,8132,1083,2346,0,0.8258772152541513,5.983425414364641,22.38976903989311,88.24742268041237
visdrone_control_yolo11m_hf640,Y11m,absolute_max_side,absolute,24.0,density,dense,2,F,181,10478,7183,6530,2685,653,0,0.7964385900719599,14.834254143646408,9.090909090909092,70.86272381985893
visdrone_control_yolo11m_hf640,Y11m,absolute_max_side,absolute,24.0,density,dense,2,R,181,10478,7183,6530,1084,653,1601,0.8826113401365142,5.988950276243094,9.090909090909092,85.76306803257158
visdrone_control_yolo11m_hf640,Y11m,absolute_max_side,absolute,24.0,density,dense,2,S,181,10478,7183,6530,963,653,1722,0.8898882529299537,5.320441988950276,9.090909090909092,87.14800480448419
visdrone_control_yolo11m_hf640,Y11m,absolute_max_side,absolute,24.0,density,moderate,1,A,180,4959,4959,4247,654,712,0,0.8614604462474645,3.6333333333333333,14.357733413994756,86.65578453376862
visdrone_control_yolo11m_hf640,Y11m,absolute_max_side,absolute,24.0,density,moderate,1,F,180,4959,3991,3672,1229,319,0,0.8259109311740891,6.8277777777777775,7.992984214482586,74.9234850030606
visdrone_control_yolo11m_hf640,Y11m,absolute_max_side,absolute,24.0,density,moderate,1,R,180,4959,3991,3672,665,319,564,0.8818443804034583,3.6944444444444446,7.992984214482586,84.66682038275306
visdrone_control_yolo11m_hf640,Y11m,absolute_max_side,absolute,24.0,density,moderate,1,S,180,4959,3991,3672,496,319,733,0.9001103076357396,2.7555555555555555,7.992984214482586,88.09980806142035
visdrone_control_yolo11m_hf640,Y11m,absolute_max_side,absolute,24.0,density,sparse,0,A,187,1603,1603,1365,242,238,0,0.8504672897196262,1.2941176470588236,14.847161572052402,84.94088363410081
visdrone_control_yolo11m_hf640,Y11m,absolute_max_side,absolute,24.0,density,sparse,0,F,187,1603,1322,1199,408,123,0,0.8187094571526118,2.1818181818181817,9.304084720121029,74.6110765401369
visdrone_control_yolo11m_hf640,Y11m,absolute_max_side,absolute,24.0,density,sparse,0,R,187,1603,1322,1199,243,123,165,0.8675832127351665,1.2994652406417113,9.304084720121029,83.14840499306518
visdrone_control_yolo11m_hf640,Y11m,absolute_max_side,absolute,24.0,density,sparse,0,S,187,1603,1322,1199,188,123,220,0.8851974898486527,1.0053475935828877,9.304084720121029,86.44556596971881
visdrone_control_yolo11m_hf640,Y11m,absolute_max_side,absolute,24.0,nearest_neighbor,crowded,0,A,170,8657,8657,6181,848,2476,0,0.7880912915976029,4.988235294117647,28.601132031881715,87.9356949779485
visdrone_control_yolo11m_hf640,Y11m,absolute_max_side,absolute,24.0,nearest_neighbor,crowded,0,F,170,8657,5100,4526,2503,574,0,0.746310495506637,14.723529411764705,11.254901960784315,64.39038270024186
visdrone_control_yolo11m_hf640,Y11m,absolute_max_side,absolute,24.0,nearest_neighbor,crowded,0,R,170,8657,5100,4526,851,574,1652,0.8639877827622411,5.0058823529411764,11.254901960784315,84.17333085363586
visdrone_control_yolo11m_hf640,Y11m,absolute_max_side,absolute,24.0,nearest_neighbor,crowded,0,S,170,8657,5100,4526,733,574,1770,0.8738295202239599,4.311764705882353,11.254901960784315,86.06198897128732
visdrone_control_yolo11m_hf640,Y11m,absolute_max_side,absolute,24.0,nearest_neighbor,dispersed,2,A,170,2834,2834,2626,380,208,0,0.8993150684931507,2.235294117647059,7.339449541284404,87.35861610113108
visdrone_control_yolo11m_hf640,Y11m,absolute_max_side,absolute,24.0,nearest_neighbor,dispersed,2,F,170,2834,2665,2509,497,156,0,0.8848527596543819,2.9235294117647057,5.853658536585366,83.46640053226879
visdrone_control_yolo11m_hf640,Y11m,absolute_max_side,absolute,24.0,nearest_neighbor,dispersed,2,R,170,2834,2665,2509,381,156,116,0.9033303330333033,2.2411764705882353,5.853658536585366,86.8166089965398
visdrone_control_yolo11m_hf640,Y11m,absolute_max_side,absolute,24.0,nearest_neighbor,dispersed,2,S,170,2834,2665,2509,290,156,207,0.9183748169838946,1.7058823529411764,5.853658536585366,89.63915684172919
visdrone_control_yolo11m_hf640,Y11m,absolute_max_side,absolute,24.0,nearest_neighbor,intermediate,1,A,170,5540,5540,4930,744,610,0,0.8792580702693062,4.376470588235295,11.010830324909747,86.88755727881565
visdrone_control_yolo11m_hf640,Y11m,absolute_max_side,absolute,24.0,nearest_neighbor,intermediate,1,F,170,5540,4723,4360,1314,363,0,0.8387034721554294,7.729411764705882,7.685792928223587,76.84173422629539
visdrone_control_yolo11m_hf640,Y11m,absolute_max_side,absolute,24.0,nearest_neighbor,intermediate,1,R,170,5540,4723,4360,753,363,561,0.8865392435949573,4.429411764705883,7.685792928223587,85.27283395266967
visdrone_control_yolo11m_hf640,Y11m,absolute_max_side,absolute,24.0,nearest_neighbor,intermediate,1,S,170,5540,4723,4360,618,363,696,0.898876404494382,3.635294117647059,7.685792928223587,87.58537565287264
visdrone_control_yolo11m_hf640,Y11m,absolute_max_side,absolute,24.0,occlusion,high,2,A,172,7275,7275,5675,828,1600,0,0.8237770358542604,4.813953488372093,21.993127147766323,87.26741503921266
visdrone_control_yolo11m_hf640,Y11m,absolute_max_side,absolute,24.0,occlusion,high,2,F,172,7275,5301,4735,1768,566,0,0.8022704168078617,10.279069767441861,10.677230711186569,72.81254805474397
visdrone_control_yolo11m_hf640,Y11m,absolute_max_side,absolute,24.0,occlusion,high,2,R,172,7275,5301,4735,828,566,940,0.8716863033873343,4.813953488372093,10.677230711186569,85.11594463419019
visdrone_control_yolo11m_hf640,Y11m,absolute_max_side,absolute,24.0,occlusion,high,2,S,172,7275,5301,4735,721,566,1047,0.8803569768522822,4.191860465116279,10.677230711186569,86.78519061583577
visdrone_control_yolo11m_hf640,Y11m,absolute_max_side,absolute,24.0,occlusion,low,0,A,181,4259,4259,3694,466,565,0,0.877538900106901,2.574585635359116,13.266024888471472,88.79807692307692
visdrone_control_yolo11m_hf640,Y11m,absolute_max_side,absolute,24.0,occlusion,low,0,F,181,4259,3286,3110,1050,176,0,0.8353478377652431,5.801104972375691,5.356055995130858,74.75961538461539
visdrone_control_yolo11m_hf640,Y11m,absolute_max_side,absolute,24.0,occlusion,low,0,R,181,4259,3286,3110,479,176,571,0.9047272727272727,2.6464088397790055,5.356055995130858,86.6536639732516
visdrone_control_yolo11m_hf640,Y11m,absolute_max_side,absolute,24.0,occlusion,low,0,S,181,4259,3286,3110,403,176,647,0.9148404177084866,2.226519337016575,5.356055995130858,88.52832337033874
visdrone_control_yolo11m_hf640,Y11m,absolute_max_side,absolute,24.0,occlusion,middle,1,A,166,5506,5506,4375,681,1131,0,0.8284415830335163,4.102409638554217,20.54122775154377,86.53085443037975
visdrone_control_yolo11m_hf640,Y11m,absolute_max_side,absolute,24.0,occlusion,middle,1,F,166,5506,3909,3556,1500,353,0,0.7933073061907417,9.036144578313253,9.030442568431823,70.33227848101266
visdrone_control_yolo11m_hf640,Y11m,absolute_max_side,absolute,24.0,occlusion,middle,1,R,166,5506,3909,3556,681,353,819,0.8730665357230543,4.102409638554217,9.030442568431823,83.92730705687987
visdrone_control_yolo11m_hf640,Y11m,absolute_max_side,absolute,24.0,occlusion,middle,1,S,166,5506,3909,3556,519,353,981,0.8907815631262525,3.1265060240963853,9.030442568431823,87.2638036809816
visdrone_control_yolo11m_hf640,Y11m,absolute_max_side,absolute,24.0,target_size,large,2,A,168,3689,3689,3454,481,235,0,0.9060860440713536,2.863095238095238,6.3702900515044725,87.77636594663278
visdrone_control_yolo11m_hf640,Y11m,absolute_max_side,absolute,24.0,target_size,large,2,F,168,3689,3618,3410,525,208,0,0.9029524692175295,3.125,5.749032614704256,86.65819567979669
visdrone_control_yolo11m_hf640,Y11m,absolute_max_side,absolute,24.0,target_size,large,2,R,168,3689,3618,3410,482,208,43,0.9081225033288948,2.869047619047619,5.749032614704256,87.61562178828366
visdrone_control_yolo11m_hf640,Y11m,absolute_max_side,absolute,24.0,target_size,large,2,S,168,3689,3618,3410,433,208,92,0.9140865835678863,2.5773809523809526,5.749032614704256,88.73276086390841
visdrone_control_yolo11m_hf640,Y11m,absolute_max_side,absolute,24.0,target_size,medium,1,A,173,5926,5926,5174,784,752,0,0.8707505890272635,4.531791907514451,12.689841376982788,86.8412218865391
visdrone_control_yolo11m_hf640,Y11m,absolute_max_side,absolute,24.0,target_size,medium,1,F,173,5926,5037,4609,1349,428,0,0.838381082310141,7.797687861271676,8.497121302362517,77.35817388385364
visdrone_control_yolo11m_hf640,Y11m,absolute_max_side,absolute,24.0,target_size,medium,1,R,173,5926,5037,4609,788,428,561,0.8834579260111175,4.554913294797688,8.497121302362517,85.39929590513248
visdrone_control_yolo11m_hf640,Y11m,absolute_max_side,absolute,24.0,target_size,medium,1,S,173,5926,5037,4609,618,428,731,0.8980904130943103,3.5722543352601157,8.497121302362517,88.17677444040558
visdrone_control_yolo11m_hf640,Y11m,absolute_max_side,absolute,24.0,target_size,small,0,A,178,7425,7425,5116,710,2309,0,0.7721681382537167,3.9887640449438204,31.097643097643097,87.81325094404394
visdrone_control_yolo11m_hf640,Y11m,absolute_max_side,absolute,24.0,target_size,small,0,F,178,7425,3841,3382,2444,459,0,0.6997000103444709,13.730337078651685,11.950013017443375,58.05012015104703
visdrone_control_yolo11m_hf640,Y11m,absolute_max_side,absolute,24.0,target_size,small,0,R,178,7425,3841,3382,718,459,1726,0.8517818914494396,4.033707865168539,11.950013017443375,82.48780487804878
visdrone_control_yolo11m_hf640,Y11m,absolute_max_side,absolute,24.0,target_size,small,0,S,178,7425,3841,3382,592,459,1852,0.8655150351887396,3.3258426966292136,11.950013017443375,85.10317060895822
visdrone_control_yolo11m_hf640,Y11m,normalized_max_side,normalized,0.015,density,dense,2,A,181,10478,10478,8132,1083,2346,0,0.8258772152541513,5.983425414364641,22.38976903989311,88.24742268041237
visdrone_control_yolo11m_hf640,Y11m,normalized_max_side,normalized,0.015,density,dense,2,F,181,10478,9080,7861,1354,1219,0,0.8593604810057393,7.480662983425415,13.42511013215859,85.30656538252849
visdrone_control_yolo11m_hf640,Y11m,normalized_max_side,normalized,0.015,density,dense,2,R,181,10478,9080,7861,1099,1219,255,0.8715077605321507,6.071823204419889,13.42511013215859,87.734375
visdrone_control_yolo11m_hf640,Y11m,normalized_max_side,normalized,0.015,density,dense,2,S,181,10478,9080,7861,977,1219,377,0.8774416787587901,5.397790055248619,13.42511013215859,88.94546277438334
visdrone_control_yolo11m_hf640,Y11m,normalized_max_side,normalized,0.015,density,moderate,1,A,180,4959,4959,4247,654,712,0,0.8614604462474645,3.6333333333333333,14.357733413994756,86.65578453376862
visdrone_control_yolo11m_hf640,Y11m,normalized_max_side,normalized,0.015,density,moderate,1,F,180,4959,4688,4193,708,495,0,0.8745437480446345,3.933333333333333,10.55887372013652,85.55396857784126
visdrone_control_yolo11m_hf640,Y11m,normalized_max_side,normalized,0.015,density,moderate,1,R,180,4959,4688,4193,663,495,45,0.8786672254819782,3.683333333333333,10.55887372013652,86.34678747940691
visdrone_control_yolo11m_hf640,Y11m,normalized_max_side,normalized,0.015,density,moderate,1,S,180,4959,4688,4193,494,495,214,0.8945066666666667,2.7444444444444445,10.55887372013652,89.46020908896949
visdrone_control_yolo11m_hf640,Y11m,normalized_max_side,normalized,0.015,density,sparse,0,A,187,1603,1603,1365,242,238,0,0.8504672897196262,1.2941176470588236,14.847161572052402,84.94088363410081
visdrone_control_yolo11m_hf640,Y11m,normalized_max_side,normalized,0.015,density,sparse,0,F,187,1603,1529,1352,255,177,0,0.8622448979591837,1.3636363636363635,11.57619359058208,84.13192283758556
visdrone_control_yolo11m_hf640,Y11m,normalized_max_side,normalized,0.015,density,sparse,0,R,187,1603,1529,1352,243,177,12,0.8655569782330346,1.2994652406417113,11.57619359058208,84.76489028213166
visdrone_control_yolo11m_hf640,Y11m,normalized_max_side,normalized,0.015,density,sparse,0,S,187,1603,1529,1352,188,177,67,0.8810687520364939,1.0053475935828877,11.57619359058208,87.79220779220779
visdrone_control_yolo11m_hf640,Y11m,normalized_max_side,normalized,0.015,nearest_neighbor,crowded,0,A,170,8657,8657,6181,848,2476,0,0.7880912915976029,4.988235294117647,28.601132031881715,87.9356949779485
visdrone_control_yolo11m_hf640,Y11m,normalized_max_side,normalized,0.015,nearest_neighbor,crowded,0,F,170,8657,7074,5883,1146,1191,0,0.8342905764730908,6.741176470588235,16.83630195080577,83.69611609048229
visdrone_control_yolo11m_hf640,Y11m,normalized_max_side,normalized,0.015,nearest_neighbor,crowded,0,R,170,8657,7074,5883,872,1191,274,0.8508207390266831,5.129411764705883,16.83630195080577,87.09104367135456
visdrone_control_yolo11m_hf640,Y11m,normalized_max_side,normalized,0.015,nearest_neighbor,crowded,0,S,170,8657,7074,5883,753,1191,393,0.8582056892778993,4.429411764705883,16.83630195080577,88.65280289330923
visdrone_control_yolo11m_hf640,Y11m,normalized_max_side,normalized,0.015,nearest_neighbor,dispersed,2,A,170,2834,2834,2626,380,208,0,0.8993150684931507,2.235294117647059,7.339449541284404,87.35861610113108
visdrone_control_yolo11m_hf640,Y11m,normalized_max_side,normalized,0.015,nearest_neighbor,dispersed,2,F,170,2834,2812,2620,386,192,0,0.9006531454107941,2.2705882352941176,6.827880512091038,87.15901530272788
visdrone_control_yolo11m_hf640,Y11m,normalized_max_side,normalized,0.015,nearest_neighbor,dispersed,2,R,170,2834,2812,2620,380,192,6,0.9015829318651066,2.235294117647059,6.827880512091038,87.33333333333333
visdrone_control_yolo11m_hf640,Y11m,normalized_max_side,normalized,0.015,nearest_neighbor,dispersed,2,S,170,2834,2812,2620,289,192,97,0.9159237895472819,1.7,6.827880512091038,90.0653145410794
visdrone_control_yolo11m_hf640,Y11m,normalized_max_side,normalized,0.015,nearest_neighbor,intermediate,1,A,170,5540,5540,4930,744,610,0,0.8792580702693062,4.376470588235295,11.010830324909747,86.88755727881565
visdrone_control_yolo11m_hf640,Y11m,normalized_max_side,normalized,0.015,nearest_neighbor,intermediate,1,F,170,5540,5402,4896,778,506,0,0.8840736728060672,4.576470588235294,9.366901147723066,86.2883327458583
visdrone_control_yolo11m_hf640,Y11m,normalized_max_side,normalized,0.015,nearest_neighbor,intermediate,1,R,170,5540,5402,4896,746,506,32,0.8866352770735241,4.3882352941176475,9.366901147723066,86.77773839064162
visdrone_control_yolo11m_hf640,Y11m,normalized_max_side,normalized,0.015,nearest_neighbor,intermediate,1,S,170,5540,5402,4896,611,506,167,0.8976074800623338,3.5941176470588236,9.366901147723066,88.90502996186672
visdrone_control_yolo11m_hf640,Y11m,normalized_max_side,normalized,0.015,occlusion,high,2,A,172,7275,7275,5675,828,1600,0,0.8237770358542604,4.813953488372093,21.993127147766323,87.26741503921266
visdrone_control_yolo11m_hf640,Y11m,normalized_max_side,normalized,0.015,occlusion,high,2,F,172,7275,6563,5557,946,1006,0,0.8506046226848308,5.5,15.328355934785922,85.4528679071198
visdrone_control_yolo11m_hf640,Y11m,normalized_max_side,normalized,0.015,occlusion,high,2,R,172,7275,6563,5557,836,1006,110,0.8578264896573017,4.8604651162790695,15.328355934785922,86.92319724698889
visdrone_control_yolo11m_hf640,Y11m,normalized_max_side,normalized,0.015,occlusion,high,2,S,172,7275,6563,5557,729,1006,217,0.8649700365787221,4.238372093023256,15.328355934785922,88.40279987273306
visdrone_control_yolo11m_hf640,Y11m,normalized_max_side,normalized,0.015,occlusion,low,0,A,181,4259,4259,3694,466,565,0,0.877538900106901,2.574585635359116,13.266024888471472,88.79807692307692
visdrone_control_yolo11m_hf640,Y11m,normalized_max_side,normalized,0.015,occlusion,low,0,F,181,4259,3916,3616,544,300,0,0.895492818226845,3.005524861878453,7.6608784473953015,86.92307692307692
visdrone_control_yolo11m_hf640,Y11m,normalized_max_side,normalized,0.015,occlusion,low,0,R,181,4259,3916,3616,473,300,71,0.9034353529044348,2.613259668508287,7.6608784473953015,88.4323795549034
visdrone_control_yolo11m_hf640,Y11m,normalized_max_side,normalized,0.015,occlusion,low,0,S,181,4259,3916,3616,397,300,147,0.9120948417202673,2.1933701657458564,7.6608784473953015,90.10715175679043
visdrone_control_yolo11m_hf640,Y11m,normalized_max_side,normalized,0.015,occlusion,middle,1,A,166,5506,5506,4375,681,1131,0,0.8284415830335163,4.102409638554217,20.54122775154377,86.53085443037975
visdrone_control_yolo11m_hf640,Y11m,normalized_max_side,normalized,0.015,occlusion,middle,1,F,166,5506,4818,4233,823,585,0,0.8574032813449464,4.957831325301205,12.141967621419676,83.72231012658227
visdrone_control_yolo11m_hf640,Y11m,normalized_max_side,normalized,0.015,occlusion,middle,1,R,166,5506,4818,4233,692,585,131,0.8689315405932464,4.168674698795181,12.141967621419676,85.94923857868021
visdrone_control_yolo11m_hf640,Y11m,normalized_max_side,normalized,0.015,occlusion,middle,1,S,166,5506,4818,4233,529,585,294,0.8837160751565762,3.1867469879518073,12.141967621419676,88.89122217555649
visdrone_control_yolo11m_hf640,Y11m,normalized_max_side,normalized,0.015,target_size,large,2,A,168,3689,3689,3454,481,235,0,0.9060860440713536,2.863095238095238,6.3702900515044725,87.77636594663278
visdrone_control_yolo11m_hf640,Y11m,normalized_max_side,normalized,0.015,target_size,large,2,F,168,3689,3680,3450,485,230,0,0.9061063690085358,2.886904761904762,6.25,87.67471410419314
visdrone_control_yolo11m_hf640,Y11m,normalized_max_side,normalized,0.015,target_size,large,2,R,168,3689,3680,3450,481,230,4,0.9065825778478518,2.863095238095238,6.25,87.76392775375223
visdrone_control_yolo11m_hf640,Y11m,normalized_max_side,normalized,0.015,target_size,large,2,S,168,3689,3680,3450,432,230,53,0.9124570219518646,2.5714285714285716,6.25,88.87171561051005
visdrone_control_yolo11m_hf640,Y11m,normalized_max_side,normalized,0.015,target_size,medium,1,A,173,5926,5926,5174,784,752,0,0.8707505890272635,4.531791907514451,12.689841376982788,86.8412218865391
visdrone_control_yolo11m_hf640,Y11m,normalized_max_side,normalized,0.015,target_size,medium,1,F,173,5926,5746,5137,821,609,0,0.8778195488721805,4.745664739884393,10.598677340758789,86.22020812353139
visdrone_control_yolo11m_hf640,Y11m,normalized_max_side,normalized,0.015,target_size,medium,1,R,173,5926,5746,5137,787,609,34,0.8803770351328192,4.5491329479768785,10.598677340758789,86.71505739365294
visdrone_control_yolo11m_hf640,Y11m,normalized_max_side,normalized,0.015,target_size,medium,1,S,173,5926,5746,5137,617,609,204,0.8933913043478261,3.566473988439306,10.598677340758789,89.27702467848454
visdrone_control_yolo11m_hf640,Y11m,normalized_max_side,normalized,0.015,target_size,small,0,A,178,7425,7425,5116,710,2309,0,0.7721681382537167,3.9887640449438204,31.097643097643097,87.81325094404394
visdrone_control_yolo11m_hf640,Y11m,normalized_max_side,normalized,0.015,target_size,small,0,F,178,7425,5871,4819,1007,1052,0,0.8239719586218689,5.657303370786517,17.918582864929313,82.7154136628905
visdrone_control_yolo11m_hf640,Y11m,normalized_max_side,normalized,0.015,target_size,small,0,R,178,7425,5871,4819,733,1052,274,0.8437363214567102,4.117977528089888,17.918582864929313,86.79755043227665
visdrone_control_yolo11m_hf640,Y11m,normalized_max_side,normalized,0.015,target_size,small,0,S,178,7425,5871,4819,606,1052,401,0.8532223796033994,3.404494382022472,17.918582864929313,88.82949308755761
visdrone_control_yolo11n_p2_1280,Y11n-P2,absolute_max_side,absolute,24.0,density,dense,2,A,181,10478,10478,8159,1418,2319,0,0.8136624283221142,7.834254143646409,22.13208627600687,85.19369322334761
visdrone_control_yolo11n_p2_1280,Y11n-P2,absolute_max_side,absolute,24.0,density,dense,2,F,181,10478,7183,6133,3444,1050,0,0.7318615751789976,19.027624309392266,14.617847695948768,64.03884306150151
visdrone_control_yolo11n_p2_1280,Y11n-P2,absolute_max_side,absolute,24.0,density,dense,2,R,181,10478,7183,6133,1210,1050,2234,0.8444169076139336,6.685082872928176,14.617847695948768,83.52172136728858
visdrone_control_yolo11n_p2_1280,Y11n-P2,absolute_max_side,absolute,24.0,density,dense,2,S,181,10478,7183,6133,974,1050,2470,0.8583624912526242,5.3812154696132595,14.617847695948768,86.2952019136063
visdrone_control_yolo11n_p2_1280,Y11n-P2,absolute_max_side,absolute,24.0,density,moderate,1,A,180,4959,4959,4015,727,944,0,0.8277497165240697,4.038888888888889,19.03609598709417,84.66891606916913
visdrone_control_yolo11n_p2_1280,Y11n-P2,absolute_max_side,absolute,24.0,density,moderate,1,F,180,4959,3991,3379,1363,612,0,0.773846330012596,7.572222222222222,15.33450263091957,71.25685364824969
visdrone_control_yolo11n_p2_1280,Y11n-P2,absolute_max_side,absolute,24.0,density,moderate,1,R,180,4959,3991,3379,683,612,680,0.8391903638395629,3.7944444444444443,15.33450263091957,83.18562284588873
visdrone_control_yolo11n_p2_1280,Y11n-P2,absolute_max_side,absolute,24.0,density,moderate,1,S,180,4959,3991,3379,502,612,861,0.8584857723577236,2.7888888888888888,15.33450263091957,87.06518938417933
visdrone_control_yolo11n_p2_1280,Y11n-P2,absolute_max_side,absolute,24.0,density,sparse,0,A,187,1603,1603,1252,244,351,0,0.808002581477896,1.304812834224599,21.896444167186527,83.68983957219251
visdrone_control_yolo11n_p2_1280,Y11n-P2,absolute_max_side,absolute,24.0,density,sparse,0,F,187,1603,1322,1067,429,255,0,0.7572746628814763,2.2941176470588234,19.28895612708018,71.32352941176471
visdrone_control_yolo11n_p2_1280,Y11n-P2,absolute_max_side,absolute,24.0,density,sparse,0,R,187,1603,1322,1067,235,255,194,0.8132621951219512,1.2566844919786095,19.28895612708018,81.95084485407067
visdrone_control_yolo11n_p2_1280,Y11n-P2,absolute_max_side,absolute,24.0,density,sparse,0,S,187,1603,1322,1067,184,255,245,0.8293820443062573,0.983957219251337,19.28895612708018,85.29176658673062
visdrone_control_yolo11n_p2_1280,Y11n-P2,absolute_max_side,absolute,24.0,nearest_neighbor,crowded,0,A,170,8657,8657,6305,1129,2352,0,0.7836678888819837,6.641176470588236,27.168765161141273,84.81302125369922
visdrone_control_yolo11n_p2_1280,Y11n-P2,absolute_max_side,absolute,24.0,nearest_neighbor,crowded,0,F,170,8657,5100,4167,3267,933,0,0.6649114408808042,19.21764705882353,18.294117647058822,56.05326876513317
visdrone_control_yolo11n_p2_1280,Y11n-P2,absolute_max_side,absolute,24.0,nearest_neighbor,crowded,0,R,170,8657,5100,4167,922,933,2345,0.8179409166748455,5.423529411764706,18.294117647058822,81.88249164865395
visdrone_control_yolo11n_p2_1280,Y11n-P2,absolute_max_side,absolute,24.0,nearest_neighbor,crowded,0,S,170,8657,5100,4167,713,933,2554,0.8350701402805611,4.194117647058824,18.294117647058822,85.38934426229508
visdrone_control_yolo11n_p2_1280,Y11n-P2,absolute_max_side,absolute,24.0,nearest_neighbor,dispersed,2,A,170,2834,2834,2487,429,347,0,0.8650434782608696,2.523529411764706,12.244177840508115,85.2880658436214
visdrone_control_yolo11n_p2_1280,Y11n-P2,absolute_max_side,absolute,24.0,nearest_neighbor,dispersed,2,F,170,2834,2665,2366,550,299,0,0.8478767246013259,3.235294117647059,11.21951219512195,81.13854595336076
visdrone_control_yolo11n_p2_1280,Y11n-P2,absolute_max_side,absolute,24.0,nearest_neighbor,dispersed,2,R,170,2834,2665,2366,423,299,127,0.8676200953428677,2.488235294117647,11.21951219512195,84.83327357475798
visdrone_control_yolo11n_p2_1280,Y11n-P2,absolute_max_side,absolute,24.0,nearest_neighbor,dispersed,2,S,170,2834,2665,2366,331,299,219,0.8825065274151436,1.9470588235294117,11.21951219512195,87.72710418984056
visdrone_control_yolo11n_p2_1280,Y11n-P2,absolute_max_side,absolute,24.0,nearest_neighbor,intermediate,1,A,170,5540,5540,4631,827,909,0,0.8421531187488634,4.864705882352941,16.407942238267147,84.84792964455845
visdrone_control_yolo11n_p2_1280,Y11n-P2,absolute_max_side,absolute,24.0,nearest_neighbor,intermediate,1,F,170,5540,4723,4044,1414,679,0,0.7944209802573421,8.31764705882353,14.376455642600042,74.09307438622206
visdrone_control_yolo11n_p2_1280,Y11n-P2,absolute_max_side,absolute,24.0,nearest_neighbor,intermediate,1,R,170,5540,4723,4044,779,679,635,0.8472658705216844,4.58235294117647,14.376455642600042,83.84822724445365
visdrone_control_yolo11n_p2_1280,Y11n-P2,absolute_max_side,absolute,24.0,nearest_neighbor,intermediate,1,S,170,5540,4723,4044,612,679,802,0.8623520631197356,3.6,14.376455642600042,86.85567010309278
visdrone_control_yolo11n_p2_1280,Y11n-P2,absolute_max_side,absolute,24.0,occlusion,high,2,A,172,7275,7275,5528,1089,1747,0,0.7958537287647567,6.3313953488372094,24.013745704467354,83.54239081154601
visdrone_control_yolo11n_p2_1280,Y11n-P2,absolute_max_side,absolute,24.0,occlusion,high,2,F,172,7275,5301,4333,2284,968,0,0.7271354254069474,13.279069767441861,18.260705527259006,65.48284721172737
visdrone_control_yolo11n_p2_1280,Y11n-P2,absolute_max_side,absolute,24.0,occlusion,high,2,R,172,7275,5301,4333,936,968,1348,0.8198675496688742,5.441860465116279,18.260705527259006,82.23571835262858
visdrone_control_yolo11n_p2_1280,Y11n-P2,absolute_max_side,absolute,24.0,occlusion,high,2,S,172,7275,5301,4333,766,968,1518,0.8332692307692308,4.453488372093023,18.260705527259006,84.97744655814866
visdrone_control_yolo11n_p2_1280,Y11n-P2,absolute_max_side,absolute,24.0,occlusion,low,0,A,181,4259,4259,3626,560,633,0,0.8587329780935464,3.0939226519337018,14.862643813101666,86.62207357859532
visdrone_control_yolo11n_p2_1280,Y11n-P2,absolute_max_side,absolute,24.0,occlusion,low,0,F,181,4259,3286,2958,1228,328,0,0.7917558886509636,6.7845303867403315,9.981740718198418,70.66411849020545
visdrone_control_yolo11n_p2_1280,Y11n-P2,absolute_max_side,absolute,24.0,occlusion,low,0,R,181,4259,3286,2958,527,328,701,0.8737261852015951,2.911602209944751,9.981740718198418,84.8780487804878
visdrone_control_yolo11n_p2_1280,Y11n-P2,absolute_max_side,absolute,24.0,occlusion,low,0,S,181,4259,3286,2958,424,328,804,0.8872225554889022,2.342541436464088,9.981740718198418,87.46303962152572
visdrone_control_yolo11n_p2_1280,Y11n-P2,absolute_max_side,absolute,24.0,occlusion,middle,1,A,166,5506,5506,4272,738,1234,0,0.8124762267021681,4.445783132530121,22.411914275336,85.26946107784431
visdrone_control_yolo11n_p2_1280,Y11n-P2,absolute_max_side,absolute,24.0,occlusion,middle,1,F,166,5506,3909,3288,1722,621,0,0.7373023881601076,10.373493975903614,15.886415963161934,65.62874251497006
visdrone_control_yolo11n_p2_1280,Y11n-P2,absolute_max_side,absolute,24.0,occlusion,middle,1,R,166,5506,3909,3288,663,621,1059,0.8366412213740458,3.9939759036144578,15.886415963161934,83.21943811693242
visdrone_control_yolo11n_p2_1280,Y11n-P2,absolute_max_side,absolute,24.0,occlusion,middle,1,S,166,5506,3909,3288,468,621,1254,0.8579256360078278,2.819277108433735,15.886415963161934,87.53993610223642
visdrone_control_yolo11n_p2_1280,Y11n-P2,absolute_max_side,absolute,24.0,target_size,large,2,A,168,3689,3689,3235,529,454,0,0.8681068026298135,3.1488095238095237,12.306858227161833,85.94580233793836
visdrone_control_yolo11n_p2_1280,Y11n-P2,absolute_max_side,absolute,24.0,target_size,large,2,F,168,3689,3618,3187,577,431,0,0.8634516391221891,3.4345238095238093,11.912658927584301,84.67056323060574
visdrone_control_yolo11n_p2_1280,Y11n-P2,absolute_max_side,absolute,24.0,target_size,large,2,R,168,3689,3618,3187,524,431,53,0.8696957292945832,3.119047619047619,11.912658927584301,85.87981676098087
visdrone_control_yolo11n_p2_1280,Y11n-P2,absolute_max_side,absolute,24.0,target_size,large,2,S,168,3689,3618,3187,467,431,110,0.8765126512651266,2.7797619047619047,11.912658927584301,87.21948549534757
visdrone_control_yolo11n_p2_1280,Y11n-P2,absolute_max_side,absolute,24.0,target_size,medium,1,A,173,5926,5926,4899,890,1027,0,0.8363636363636363,5.144508670520231,17.330408369895377,84.62601485576093
visdrone_control_yolo11n_p2_1280,Y11n-P2,absolute_max_side,absolute,24.0,target_size,medium,1,F,173,5926,5037,4273,1516,764,0,0.789395898762239,8.763005780346822,15.167758586460195,73.81240283295907
visdrone_control_yolo11n_p2_1280,Y11n-P2,absolute_max_side,absolute,24.0,target_size,medium,1,R,173,5926,5037,4273,840,764,676,0.8419704433497537,4.855491329479769,15.167758586460195,83.57128887150401
visdrone_control_yolo11n_p2_1280,Y11n-P2,absolute_max_side,absolute,24.0,target_size,medium,1,S,173,5926,5037,4273,632,764,884,0.8595855964594649,3.653179190751445,15.167758586460195,87.11518858307849
visdrone_control_yolo11n_p2_1280,Y11n-P2,absolute_max_side,absolute,24.0,target_size,small,0,A,178,7425,7425,5292,968,2133,0,0.7734015345268542,5.438202247191011,28.727272727272727,84.53674121405751
visdrone_control_yolo11n_p2_1280,Y11n-P2,absolute_max_side,absolute,24.0,target_size,small,0,F,178,7425,3841,3119,3141,722,0,0.6175626175626175,17.646067415730336,18.79718823223119,49.82428115015974
visdrone_control_yolo11n_p2_1280,Y11n-P2,absolute_max_side,absolute,24.0,target_size,small,0,R,178,7425,3841,3119,762,722,2379,0.8078218078218078,4.280898876404494,18.79718823223119,80.36588508116465
visdrone_control_yolo11n_p2_1280,Y11n-P2,absolute_max_side,absolute,24.0,target_size,small,0,S,178,7425,3841,3119,559,722,2582,0.8296315999468015,3.140449438202247,18.79718823223119,84.80152256661229
visdrone_control_yolo11n_p2_1280,Y11n-P2,normalized_max_side,normalized,0.015,density,dense,2,A,181,10478,10478,8159,1418,2319,0,0.8136624283221142,7.834254143646409,22.13208627600687,85.19369322334761
visdrone_control_yolo11n_p2_1280,Y11n-P2,normalized_max_side,normalized,0.015,density,dense,2,F,181,10478,9080,7547,2030,1533,0,0.8090261028032374,11.215469613259668,16.883259911894275,78.80338310535659
visdrone_control_yolo11n_p2_1280,Y11n-P2,normalized_max_side,normalized,0.015,density,dense,2,R,181,10478,9080,7547,1375,1533,655,0.838462393067437,7.596685082872928,16.883259911894275,84.58865725173727
visdrone_control_yolo11n_p2_1280,Y11n-P2,normalized_max_side,normalized,0.015,density,dense,2,S,181,10478,9080,7547,1138,1533,892,0.8496481846327048,6.287292817679558,16.883259911894275,86.89694876223373
visdrone_control_yolo11n_p2_1280,Y11n-P2,normalized_max_side,normalized,0.015,density,moderate,1,A,180,4959,4959,4015,727,944,0,0.8277497165240697,4.038888888888889,19.03609598709417,84.66891606916913
visdrone_control_yolo11n_p2_1280,Y11n-P2,normalized_max_side,normalized,0.015,density,moderate,1,F,180,4959,4688,3898,844,790,0,0.8267232237539767,4.688888888888889,16.851535836177476,82.201602699283
visdrone_control_yolo11n_p2_1280,Y11n-P2,normalized_max_side,normalized,0.015,density,moderate,1,R,180,4959,4688,3898,727,790,117,0.8371094169440567,4.038888888888889,16.851535836177476,84.28108108108108
visdrone_control_yolo11n_p2_1280,Y11n-P2,normalized_max_side,normalized,0.015,density,moderate,1,S,180,4959,4688,3898,546,790,298,0.8537012702584319,3.033333333333333,16.851535836177476,87.71377137713772
visdrone_control_yolo11n_p2_1280,Y11n-P2,normalized_max_side,normalized,0.015,density,sparse,0,A,187,1603,1603,1252,244,351,0,0.808002581477896,1.304812834224599,21.896444167186527,83.68983957219251
visdrone_control_yolo11n_p2_1280,Y11n-P2,normalized_max_side,normalized,0.015,density,sparse,0,F,187,1603,1529,1219,277,310,0,0.8059504132231405,1.481283422459893,20.27468933943754,81.48395721925134
visdrone_control_yolo11n_p2_1280,Y11n-P2,normalized_max_side,normalized,0.015,density,sparse,0,R,187,1603,1529,1219,244,310,33,0.8148395721925134,1.304812834224599,20.27468933943754,83.32194121667806
visdrone_control_yolo11n_p2_1280,Y11n-P2,normalized_max_side,normalized,0.015,density,sparse,0,S,187,1603,1529,1219,193,310,84,0.8289697381842911,1.032085561497326,20.27468933943754,86.3314447592068
visdrone_control_yolo11n_p2_1280,Y11n-P2,normalized_max_side,normalized,0.015,nearest_neighbor,crowded,0,A,170,8657,8657,6305,1129,2352,0,0.7836678888819837,6.641176470588236,27.168765161141273,84.81302125369922
visdrone_control_yolo11n_p2_1280,Y11n-P2,normalized_max_side,normalized,0.015,nearest_neighbor,crowded,0,F,170,8657,7074,5615,1819,1459,0,0.7740556934105322,10.7,20.62482329657902,75.53134248049503
visdrone_control_yolo11n_p2_1280,Y11n-P2,normalized_max_side,normalized,0.015,nearest_neighbor,crowded,0,R,170,8657,7074,5615,1087,1459,732,0.8151858304297329,6.394117647058824,20.62482329657902,83.78096090719188
visdrone_control_yolo11n_p2_1280,Y11n-P2,normalized_max_side,normalized,0.015,nearest_neighbor,crowded,0,S,170,8657,7074,5615,878,1459,941,0.8277437900788679,5.1647058823529415,20.62482329657902,86.4777452641306
visdrone_control_yolo11n_p2_1280,Y11n-P2,normalized_max_side,normalized,0.015,nearest_neighbor,dispersed,2,A,170,2834,2834,2487,429,347,0,0.8650434782608696,2.523529411764706,12.244177840508115,85.2880658436214
visdrone_control_yolo11n_p2_1280,Y11n-P2,normalized_max_side,normalized,0.015,nearest_neighbor,dispersed,2,F,170,2834,2812,2477,439,335,0,0.8648743016759777,2.5823529411764707,11.913229018492176,84.94513031550069
visdrone_control_yolo11n_p2_1280,Y11n-P2,normalized_max_side,normalized,0.015,nearest_neighbor,dispersed,2,R,170,2834,2812,2477,427,335,12,0.8666899930020994,2.511764705882353,11.913229018492176,85.2961432506887
visdrone_control_yolo11n_p2_1280,Y11n-P2,normalized_max_side,normalized,0.015,nearest_neighbor,dispersed,2,S,170,2834,2812,2477,335,335,104,0.8808677098150782,1.9705882352941178,11.913229018492176,88.08677098150783
visdrone_control_yolo11n_p2_1280,Y11n-P2,normalized_max_side,normalized,0.015,nearest_neighbor,intermediate,1,A,170,5540,5540,4631,827,909,0,0.8421531187488634,4.864705882352941,16.407942238267147,84.84792964455845
visdrone_control_yolo11n_p2_1280,Y11n-P2,normalized_max_side,normalized,0.015,nearest_neighbor,intermediate,1,F,170,5540,5402,4569,889,833,0,0.8414364640883978,5.229411764705882,15.420214735283228,83.71198241113962
visdrone_control_yolo11n_p2_1280,Y11n-P2,normalized_max_side,normalized,0.015,nearest_neighbor,intermediate,1,R,170,5540,5402,4569,828,833,61,0.846189461987221,4.870588235294117,15.420214735283228,84.65814341300722
visdrone_control_yolo11n_p2_1280,Y11n-P2,normalized_max_side,normalized,0.015,nearest_neighbor,intermediate,1,S,170,5540,5402,4569,660,833,229,0.8595616592982787,3.8823529411764706,15.420214735283228,87.37808376362594
visdrone_control_yolo11n_p2_1280,Y11n-P2,normalized_max_side,normalized,0.015,occlusion,high,2,A,172,7275,7275,5528,1089,1747,0,0.7958537287647567,6.3313953488372094,24.013745704467354,83.54239081154601
visdrone_control_yolo11n_p2_1280,Y11n-P2,normalized_max_side,normalized,0.015,occlusion,high,2,F,172,7275,6563,5220,1397,1343,0,0.7921092564491654,8.122093023255815,20.463202803595916,78.88771346531661
visdrone_control_yolo11n_p2_1280,Y11n-P2,normalized_max_side,normalized,0.015,occlusion,high,2,R,172,7275,6563,5220,1063,1343,334,0.812704343764596,6.180232558139535,20.463202803595916,83.0813305745663
visdrone_control_yolo11n_p2_1280,Y11n-P2,normalized_max_side,normalized,0.015,occlusion,high,2,S,172,7275,6563,5220,893,1343,504,0.8236036604607132,5.191860465116279,20.463202803595916,85.39178799280222
visdrone_control_yolo11n_p2_1280,Y11n-P2,normalized_max_side,normalized,0.015,occlusion,low,0,A,181,4259,4259,3626,560,633,0,0.8587329780935464,3.0939226519337018,14.862643813101666,86.62207357859532
visdrone_control_yolo11n_p2_1280,Y11n-P2,normalized_max_side,normalized,0.015,occlusion,low,0,F,181,4259,3916,3457,729,459,0,0.8533695383855838,4.027624309392265,11.72114402451481,82.58480649784998
visdrone_control_yolo11n_p2_1280,Y11n-P2,normalized_max_side,normalized,0.015,occlusion,low,0,R,181,4259,3916,3457,557,459,172,0.8718789407313997,3.0773480662983426,11.72114402451481,86.12356751370204
visdrone_control_yolo11n_p2_1280,Y11n-P2,normalized_max_side,normalized,0.015,occlusion,low,0,S,181,4259,3916,3457,453,459,276,0.8834653718374649,2.5027624309392267,11.72114402451481,88.41432225063939
visdrone_control_yolo11n_p2_1280,Y11n-P2,normalized_max_side,normalized,0.015,occlusion,middle,1,A,166,5506,5506,4272,738,1234,0,0.8124762267021681,4.445783132530121,22.411914275336,85.26946107784431
visdrone_control_yolo11n_p2_1280,Y11n-P2,normalized_max_side,normalized,0.015,occlusion,middle,1,F,166,5506,4818,3987,1023,831,0,0.8113553113553114,6.162650602409639,17.247820672478205,79.58083832335329
visdrone_control_yolo11n_p2_1280,Y11n-P2,normalized_max_side,normalized,0.015,occlusion,middle,1,R,166,5506,4818,3987,724,831,299,0.8368139364046595,4.36144578313253,17.247820672478205,84.63171301209934
visdrone_control_yolo11n_p2_1280,Y11n-P2,normalized_max_side,normalized,0.015,occlusion,middle,1,S,166,5506,4818,3987,529,831,494,0.8542961217055924,3.1867469879518073,17.247820672478205,88.2860938883968
visdrone_control_yolo11n_p2_1280,Y11n-P2,normalized_max_side,normalized,0.015,target_size,large,2,A,168,3689,3689,3235,529,454,0,0.8681068026298135,3.1488095238095237,12.306858227161833,85.94580233793836
visdrone_control_yolo11n_p2_1280,Y11n-P2,normalized_max_side,normalized,0.015,target_size,large,2,F,168,3689,3680,3229,535,451,0,0.8675443310048361,3.1845238095238093,12.255434782608695,85.78639744952179
visdrone_control_yolo11n_p2_1280,Y11n-P2,normalized_max_side,normalized,0.015,target_size,large,2,R,168,3689,3680,3229,529,451,6,0.8682441516536703,3.1488095238095237,12.255434782608695,85.92336349121874
visdrone_control_yolo11n_p2_1280,Y11n-P2,normalized_max_side,normalized,0.015,target_size,large,2,S,168,3689,3680,3229,472,451,63,0.8749491938761685,2.8095238095238093,12.255434782608695,87.24669008376115
visdrone_control_yolo11n_p2_1280,Y11n-P2,normalized_max_side,normalized,0.015,target_size,medium,1,A,173,5926,5926,4899,890,1027,0,0.8363636363636363,5.144508670520231,17.330408369895377,84.62601485576093
visdrone_control_yolo11n_p2_1280,Y11n-P2,normalized_max_side,normalized,0.015,target_size,medium,1,F,173,5926,5746,4807,982,939,0,0.8334633723450369,5.676300578034682,16.341802993386704,83.0367939195025
visdrone_control_yolo11n_p2_1280,Y11n-P2,normalized_max_side,normalized,0.015,target_size,medium,1,R,173,5926,5746,4807,886,939,96,0.8404580820001748,5.121387283236994,16.341802993386704,84.43702792903566
visdrone_control_yolo11n_p2_1280,Y11n-P2,normalized_max_side,normalized,0.015,target_size,medium,1,S,173,5926,5746,4807,678,939,304,0.8560235063663075,3.9190751445086707,16.341802993386704,87.63901549680948
visdrone_control_yolo11n_p2_1280,Y11n-P2,normalized_max_side,normalized,0.015,target_size,small,0,A,178,7425,7425,5292,968,2133,0,0.7734015345268542,5.438202247191011,28.727272727272727,84.53674121405751
visdrone_control_yolo11n_p2_1280,Y11n-P2,normalized_max_side,normalized,0.015,target_size,small,0,F,178,7425,5871,4628,1632,1243,0,0.763003874371445,9.168539325842696,21.17186169306762,73.9297124600639
visdrone_control_yolo11n_p2_1280,Y11n-P2,normalized_max_side,normalized,0.015,target_size,small,0,R,178,7425,5871,4628,929,1243,703,0.8099404970248513,5.219101123595506,21.17186169306762,83.28234658988663
visdrone_control_yolo11n_p2_1280,Y11n-P2,normalized_max_side,normalized,0.015,target_size,small,0,S,178,7425,5871,4628,725,1243,907,0.8246614397719173,4.073033707865169,21.17186169306762,86.45619278909022
